t,x1,x2,v1,v2,a1,a2
0,2.36,3.14,-0.01,-0.01,-9.24,6.53
0.000862,2.36,3.14,-0.018,-0.00437,-9.24,6.53
0.00172,2.36,3.14,-0.0259,0.00126,-9.24,6.53
0.00259,2.36,3.14,-0.0339,0.00689,-9.24,6.53
0.00345,2.36,3.14,-0.0418,0.0125,-9.24,6.53
0.00776,2.36,3.14,-0.0817,0.0406,-9.24,6.53
0.0121,2.36,3.14,-0.121,0.0687,-9.23,6.52
0.0164,2.35,3.14,-0.161,0.0968,-9.23,6.5
0.0207,2.35,3.14,-0.201,0.125,-9.22,6.48
0.0336,2.35,3.14,-0.32,0.208,-9.2,6.4
0.0466,2.35,3.15,-0.439,0.291,-9.16,6.29
0.0596,2.34,3.15,-0.558,0.371,-9.1,6.14
0.0725,2.33,3.16,-0.675,0.45,-9.04,5.95
0.082,2.32,3.16,-0.761,0.505,-8.99,5.79
0.0915,2.32,3.17,-0.846,0.559,-8.93,5.6
0.101,2.31,3.17,-0.93,0.611,-8.86,5.4
0.11,2.3,3.18,-1.01,0.661,-8.8,5.18
0.12,2.29,3.19,-1.1,0.709,-8.72,4.94
0.129,2.28,3.19,-1.18,0.755,-8.65,4.68
0.139,2.27,3.2,-1.26,0.798,-8.57,4.4
0.148,2.25,3.21,-1.34,0.838,-8.5,4.1
0.157,2.24,3.22,-1.42,0.874,-8.43,3.8
0.166,2.23,3.22,-1.49,0.907,-8.36,3.48
0.176,2.21,3.23,-1.57,0.937,-8.29,3.15
0.185,2.2,3.24,-1.64,0.964,-8.23,2.8
0.194,2.18,3.25,-1.72,0.989,-8.17,2.42
0.203,2.17,3.26,-1.8,1.01,-8.12,2.03
0.213,2.15,3.27,-1.87,1.03,-8.08,1.62
0.222,2.13,3.28,-1.95,1.04,-8.05,1.19
0.232,2.11,3.29,-2.03,1.05,-8.03,0.738
0.242,2.09,3.3,-2.11,1.05,-8.02,0.263
0.251,2.07,3.31,-2.18,1.05,-8.03,-0.23
0.261,2.05,3.32,-2.26,1.05,-8.05,-0.744
0.27,2.03,3.33,-2.33,1.04,-8.09,-1.24
0.279,2.01,3.34,-2.41,1.03,-8.15,-1.75
0.288,1.99,3.35,-2.48,1.01,-8.22,-2.28
0.297,1.97,3.36,-2.55,0.987,-8.31,-2.83
0.305,1.94,3.36,-2.62,0.96,-8.42,-3.39
0.314,1.92,3.37,-2.7,0.929,-8.54,-3.96
0.322,1.9,3.38,-2.77,0.892,-8.69,-4.57
0.331,1.87,3.39,-2.85,0.85,-8.85,-5.2
0.339,1.85,3.39,-2.92,0.805,-9.02,-5.84
0.347,1.82,3.4,-3,0.753,-9.22,-6.51
0.356,1.8,3.41,-3.07,0.696,-9.43,-7.21
0.364,1.77,3.41,-3.15,0.633,-9.67,-7.95
0.372,1.75,3.42,-3.23,0.566,-9.91,-8.7
0.38,1.72,3.42,-3.31,0.493,-10.2,-9.48
0.388,1.69,3.42,-3.4,0.413,-10.5,-10.3
0.396,1.67,3.43,-3.48,0.326,-10.8,-11.2
0.404,1.64,3.43,-3.56,0.239,-11.1,-12
0.412,1.61,3.43,-3.65,0.144,-11.4,-12.9
0.419,1.58,3.43,-3.74,0.043,-11.7,-13.8
0.427,1.56,3.43,-3.83,-0.0653,-12,-14.8
0.433,1.53,3.43,-3.9,-0.159,-12.3,-15.6
0.439,1.51,3.43,-3.98,-0.258,-12.6,-16.4
0.445,1.48,3.43,-4.06,-0.362,-12.9,-17.3
0.451,1.46,3.43,-4.14,-0.472,-13.1,-18.1
0.457,1.44,3.42,-4.21,-0.57,-13.4,-18.9
0.462,1.41,3.42,-4.28,-0.672,-13.6,-19.7
0.467,1.39,3.42,-4.35,-0.778,-13.9,-20.4
0.473,1.37,3.41,-4.43,-0.888,-14.1,-21.2
0.477,1.35,3.41,-4.49,-0.99,-14.3,-22
0.482,1.32,3.4,-4.56,-1.1,-14.5,-22.7
0.487,1.3,3.4,-4.63,-1.2,-14.7,-23.4
0.491,1.28,3.39,-4.7,-1.32,-14.8,-24.2
0.496,1.26,3.38,-4.77,-1.43,-15,-24.9
0.501,1.24,3.38,-4.84,-1.54,-15.2,-25.6
0.505,1.21,3.37,-4.91,-1.66,-15.3,-26.3
0.51,1.19,3.36,-4.98,-1.78,-15.4,-27
0.514,1.17,3.35,-5.05,-1.91,-15.5,-27.7
0.519,1.15,3.35,-5.12,-2.03,-15.6,-28.4
0.523,1.12,3.34,-5.19,-2.16,-15.6,-29
0.528,1.1,3.33,-5.26,-2.3,-15.7,-29.7
0.532,1.08,3.31,-5.33,-2.43,-15.7,-30.3
0.537,1.05,3.3,-5.4,-2.57,-15.7,-30.9
0.541,1.03,3.29,-5.47,-2.71,-15.6,-31.6
0.546,1,3.28,-5.54,-2.86,-15.6,-32.1
0.551,0.976,3.27,-5.61,-3.01,-15.5,-32.7
0.555,0.951,3.25,-5.68,-3.16,-15.3,-33.2
0.56,0.925,3.24,-5.75,-3.31,-15.2,-33.7
0.564,0.898,3.22,-5.82,-3.46,-15,-34.2
0.569,0.871,3.2,-5.89,-3.62,-14.7,-34.6
0.573,0.844,3.19,-5.96,-3.78,-14.4,-35
0.578,0.816,3.17,-6.02,-3.95,-14.1,-35.4
0.583,0.788,3.15,-6.09,-4.11,-13.7,-35.7
0.588,0.759,3.13,-6.15,-4.28,-13.3,-36
0.592,0.729,3.11,-6.21,-4.46,-12.8,-36.2
0.597,0.699,3.09,-6.27,-4.63,-12.3,-36.4
0.602,0.669,3.07,-6.33,-4.8,-11.7,-36.5
0.607,0.637,3.04,-6.39,-4.99,-11,-36.6
0.612,0.605,3.02,-6.44,-5.17,-10.3,-36.6
0.617,0.573,2.99,-6.49,-5.35,-9.49,-36.5
0.622,0.54,2.96,-6.54,-5.54,-8.63,-36.4
0.627,0.504,2.93,-6.58,-5.73,-7.65,-36.2
0.633,0.469,2.9,-6.62,-5.93,-6.59,-35.9
0.638,0.433,2.87,-6.65,-6.12,-5.46,-35.5
0.644,0.397,2.83,-6.68,-6.31,-4.26,-35.1
0.65,0.355,2.79,-6.7,-6.53,-2.8,-34.5
0.656,0.314,2.75,-6.71,-6.74,-1.25,-33.8
0.662,0.272,2.71,-6.72,-6.95,0.386,-33
0.668,0.231,2.67,-6.71,-7.15,2.11,-32
0.675,0.189,2.62,-6.69,-7.34,3.92,-31
0.681,0.148,2.58,-6.66,-7.53,5.81,-29.9
0.687,0.107,2.53,-6.62,-7.71,7.77,-28.6
0.693,0.0657,2.48,-6.56,-7.88,9.81,-27.3
0.698,0.0314,2.44,-6.51,-8.03,11.6,-26.1
0.704,-0.00267,2.4,-6.44,-8.16,13.4,-24.8
0.709,-0.0363,2.35,-6.37,-8.29,15.2,-23.5
0.714,-0.0696,2.31,-6.28,-8.41,17.1,-22.2
0.719,-0.0993,2.27,-6.2,-8.51,18.8,-20.9
0.724,-0.129,2.23,-6.1,-8.61,20.5,-19.6
0.728,-0.157,2.19,-6,-8.7,22.2,-18.2
0.733,-0.186,2.15,-5.89,-8.78,23.9,-16.9
0.738,-0.212,2.11,-5.78,-8.85,25.5,-15.6
0.742,-0.238,2.06,-5.66,-8.92,27.1,-14.3
0.747,-0.264,2.02,-5.53,-8.98,28.7,-13
0.751,-0.289,1.98,-5.4,-9.04,30.2,-11.7
0.756,-0.313,1.94,-5.26,-9.09,31.7,-10.5
0.76,-0.336,1.9,-5.11,-9.13,33.1,-9.32
0.765,-0.359,1.86,-4.96,-9.17,34.5,-8.16
0.769,-0.381,1.82,-4.8,-9.21,35.9,-7.05
0.774,-0.401,1.78,-4.64,-9.24,37.1,-6.05
0.778,-0.421,1.74,-4.48,-9.26,38.3,-5.1
0.783,-0.44,1.7,-4.31,-9.28,39.4,-4.23
0.787,-0.459,1.66,-4.13,-9.3,40.4,-3.43
0.791,-0.476,1.62,-3.96,-9.31,41.4,-2.72
0.795,-0.493,1.58,-3.78,-9.32,42.3,-2.1
0.8,-0.509,1.54,-3.59,-9.33,43.1,-1.58
0.804,-0.524,1.5,-3.41,-9.34,43.9,-1.15
0.808,-0.538,1.46,-3.21,-9.34,44.6,-0.826
0.813,-0.552,1.41,-3.02,-9.34,45.3,-0.613
0.817,-0.565,1.37,-2.82,-9.34,45.9,-0.515
0.822,-0.577,1.33,-2.61,-9.35,46.5,-0.537
0.826,-0.588,1.29,-2.41,-9.35,47,-0.683
0.83,-0.598,1.25,-2.2,-9.35,47.5,-0.958
0.835,-0.607,1.21,-1.99,-9.36,47.9,-1.37
0.839,-0.615,1.17,-1.78,-9.37,48.3,-1.91
0.843,-0.622,1.13,-1.58,-9.37,48.7,-2.54
0.847,-0.628,1.09,-1.38,-9.39,49.1,-3.3
0.851,-0.633,1.05,-1.18,-9.4,49.5,-4.19
0.856,-0.638,1.01,-0.976,-9.42,49.9,-5.21
0.858,-0.64,0.989,-0.838,-9.44,50.1,-5.98
0.861,-0.642,0.962,-0.699,-9.45,50.4,-6.81
0.864,-0.644,0.936,-0.559,-9.47,50.7,-7.72
0.867,-0.646,0.91,-0.418,-9.5,51.1,-8.69
0.869,-0.646,0.884,-0.277,-9.52,51.4,-9.74
0.872,-0.647,0.857,-0.134,-9.55,51.8,-10.9
0.875,-0.647,0.831,0.0097,-9.58,52.2,-12.1
0.878,-0.647,0.804,0.155,-9.62,52.6,-13.4
0.88,-0.646,0.78,0.29,-9.65,53.1,-14.6
0.883,-0.646,0.755,0.427,-9.69,53.5,-16
0.885,-0.644,0.73,0.565,-9.74,54.1,-17.4
0.888,-0.643,0.705,0.705,-9.78,54.6,-18.9
0.89,-0.641,0.682,0.834,-9.83,55.2,-20.4
0.893,-0.639,0.658,0.965,-9.88,55.8,-22
0.895,-0.636,0.635,1.1,-9.93,56.4,-23.6
0.897,-0.633,0.611,1.23,-9.99,57.1,-25.4
0.9,-0.631,0.589,1.36,-10,57.9,-27.1
0.902,-0.627,0.566,1.5,-10.1,58.6,-29
0.904,-0.624,0.543,1.63,-10.2,59.5,-30.9
0.906,-0.62,0.52,1.77,-10.3,60.3,-32.9
0.909,-0.616,0.496,1.9,-10.3,61.3,-35
0.911,-0.611,0.473,2.04,-10.4,62.2,-37.3
0.913,-0.607,0.449,2.18,-10.5,63.3,-39.6
0.916,-0.601,0.426,2.33,-10.6,64.4,-42
0.918,-0.596,0.402,2.47,-10.7,65.5,-44.4
0.92,-0.591,0.379,2.61,-10.8,66.7,-47
0.922,-0.585,0.355,2.76,-10.9,67.9,-49.6
0.924,-0.579,0.331,2.91,-11,69.2,-52.4
0.926,-0.572,0.308,3.06,-11.1,70.5,-55.1
0.929,-0.566,0.284,3.21,-11.2,71.8,-57.9
0.931,-0.559,0.26,3.36,-11.4,73.1,-60.7
0.933,-0.551,0.236,3.52,-11.5,74.4,-63.6
0.935,-0.544,0.212,3.68,-11.6,75.6,-66.4
0.937,-0.536,0.187,3.84,-11.8,76.8,-69.1
0.939,-0.528,0.163,4,-11.9,77.8,-71.8
0.941,-0.519,0.138,4.16,-12.1,78.7,-74.3
0.943,-0.51,0.111,4.33,-12.2,79.5,-76.6
0.945,-0.501,0.0847,4.5,-12.4,80,-78.7
0.948,-0.491,0.0576,4.68,-12.6,80.1,-80.3
0.95,-0.48,0.0301,4.85,-12.7,79.7,-81.3
0.952,-0.471,0.005,5.01,-12.9,78.9,-81.7
0.954,-0.461,-0.0204,5.16,-13.1,77.5,-81.3
0.956,-0.45,-0.0462,5.31,-13.2,75.4,-80
0.958,-0.44,-0.0722,5.45,-13.4,72.6,-77.8
0.959,-0.431,-0.094,5.57,-13.5,69.7,-75.1
0.961,-0.422,-0.116,5.68,-13.6,66.1,-71.6
0.962,-0.413,-0.138,5.78,-13.7,61.9,-67.3
0.964,-0.403,-0.16,5.88,-13.8,57,-62
0.965,-0.395,-0.179,5.95,-13.9,52.4,-57
0.967,-0.387,-0.198,6.02,-14,47.3,-51.4
0.968,-0.379,-0.217,6.08,-14.1,41.8,-45.1
0.969,-0.371,-0.236,6.13,-14.1,35.9,-38.3
0.971,-0.363,-0.254,6.18,-14.2,30,-31.5
0.972,-0.355,-0.272,6.21,-14.2,23.8,-24.2
0.973,-0.347,-0.291,6.24,-14.2,17.3,-16.7
0.975,-0.339,-0.309,6.25,-14.2,10.8,-8.95
0.976,-0.33,-0.329,6.26,-14.2,3.54,-0.43
0.977,-0.321,-0.348,6.26,-14.2,-3.7,8.11
0.979,-0.313,-0.368,6.25,-14.2,-10.9,16.5
0.98,-0.304,-0.388,6.23,-14.2,-17.9,24.8
0.982,-0.296,-0.407,6.21,-14.2,-24.4,32.5
0.983,-0.287,-0.426,6.17,-14.1,-30.7,39.8
0.984,-0.279,-0.445,6.12,-14,-36.6,46.6
0.986,-0.271,-0.464,6.07,-14,-42.1,52.8
0.987,-0.263,-0.482,6.01,-13.9,-46.9,58.1
0.988,-0.255,-0.5,5.95,-13.8,-51.2,62.9
0.989,-0.248,-0.517,5.88,-13.8,-55.1,67.2
0.991,-0.241,-0.534,5.81,-13.7,-58.6,70.9
0.992,-0.234,-0.551,5.74,-13.6,-61.6,73.9
0.993,-0.227,-0.567,5.66,-13.5,-64.2,76.5
0.994,-0.22,-0.583,5.59,-13.4,-66.5,78.6
0.995,-0.213,-0.599,5.5,-13.3,-68.4,80.3
0.997,-0.206,-0.616,5.42,-13.2,-70.1,81.6
0.998,-0.2,-0.632,5.33,-13.1,-71.5,82.6
0.999,-0.193,-0.648,5.24,-13,-72.6,83.2
1,-0.187,-0.664,5.15,-12.9,-73.4,83.4
1,-0.18,-0.682,5.05,-12.8,-74,83.4
1,-0.173,-0.699,4.95,-12.7,-74.4,83
1,-0.166,-0.716,4.85,-12.6,-74.6,82.4
1.01,-0.16,-0.733,4.75,-12.4,-74.6,81.5
1.01,-0.153,-0.752,4.63,-12.3,-74.4,80.3
1.01,-0.146,-0.771,4.52,-12.2,-74,78.8
1.01,-0.139,-0.789,4.41,-12.1,-73.5,77.2
1.01,-0.132,-0.808,4.29,-12,-72.9,75.5
1.01,-0.124,-0.83,4.16,-11.8,-71.9,73.2
1.02,-0.117,-0.852,4.03,-11.7,-70.9,70.9
1.02,-0.109,-0.873,3.9,-11.6,-69.8,68.4
1.02,-0.102,-0.895,3.77,-11.4,-68.7,66
1.02,-0.0936,-0.921,3.61,-11.3,-67.2,62.8
1.02,-0.0854,-0.948,3.45,-11.1,-65.7,59.8
1.03,-0.0775,-0.973,3.3,-11,-64.2,56.7
1.03,-0.07,-0.999,3.15,-10.9,-62.7,53.8
1.03,-0.0628,-1.02,3.01,-10.7,-61.3,50.9
1.03,-0.056,-1.05,2.87,-10.6,-60,48.1
1.04,-0.0495,-1.07,2.73,-10.5,-58.7,45.5
1.04,-0.0433,-1.1,2.59,-10.4,-57.4,42.9
1.04,-0.0377,-1.12,2.47,-10.3,-56.3,40.6
1.04,-0.0323,-1.14,2.34,-10.2,-55.2,38.3
1.04,-0.0272,-1.17,2.22,-10.2,-54.2,36.1
1.05,-0.0223,-1.19,2.1,-10.1,-53.2,34
1.05,-0.0177,-1.21,1.98,-10,-52.3,32
1.05,-0.0133,-1.24,1.86,-9.93,-51.4,30.1
1.05,-0.00917,-1.26,1.75,-9.87,-50.6,28.2
1.06,-0.00532,-1.28,1.63,-9.81,-49.8,26.4
1.06,-0.00162,-1.3,1.51,-9.75,-49,24.7
1.06,0.0018,-1.33,1.4,-9.69,-48.3,23
1.06,0.00496,-1.35,1.29,-9.64,-47.7,21.5
1.07,0.00785,-1.37,1.18,-9.59,-47.1,19.9
1.07,0.0105,-1.39,1.06,-9.54,-46.5,18.5
1.07,0.0129,-1.42,0.953,-9.5,-46,17
1.07,0.0151,-1.44,0.843,-9.46,-45.5,15.7
1.08,0.017,-1.46,0.735,-9.42,-45,14.4
1.08,0.0186,-1.48,0.627,-9.39,-44.6,13.2
1.08,0.02,-1.51,0.52,-9.36,-44.2,12
1.08,0.0211,-1.53,0.415,-9.33,-43.9,10.8
1.08,0.022,-1.55,0.31,-9.31,-43.5,9.74
1.09,0.0226,-1.58,0.203,-9.29,-43.2,8.67
1.09,0.023,-1.6,0.0967,-9.27,-42.9,7.65
1.09,0.0231,-1.62,-0.00879,-9.25,-42.6,6.67
1.09,0.0229,-1.64,-0.114,-9.23,-42.4,5.73
1.1,0.0225,-1.67,-0.224,-9.22,-42.1,4.78
1.1,0.0218,-1.69,-0.333,-9.21,-41.9,3.88
1.1,0.0208,-1.72,-0.442,-9.2,-41.7,3.01
1.11,0.0195,-1.74,-0.551,-9.19,-41.5,2.19
1.11,0.0178,-1.76,-0.664,-9.19,-41.3,1.36
1.11,0.0158,-1.79,-0.777,-9.19,-41.1,0.576
1.11,0.0136,-1.82,-0.889,-9.18,-40.9,-0.171
1.12,0.011,-1.84,-1,-9.19,-40.8,-0.88
1.12,0.00792,-1.87,-1.12,-9.19,-40.6,-1.58
1.12,0.00454,-1.89,-1.23,-9.2,-40.4,-2.25
1.12,0.000824,-1.92,-1.35,-9.2,-40.3,-2.88
1.13,-0.00322,-1.95,-1.47,-9.21,-40.1,-3.47
1.13,-0.00819,-1.98,-1.6,-9.22,-39.9,-4.09
1.13,-0.0136,-2.01,-1.73,-9.24,-39.8,-4.67
1.14,-0.0194,-2.04,-1.85,-9.25,-39.6,-5.2
1.14,-0.0256,-2.07,-1.98,-9.27,-39.4,-5.69
1.14,-0.0329,-2.1,-2.12,-9.29,-39.1,-6.18
1.15,-0.0407,-2.13,-2.26,-9.32,-38.9,-6.62
1.15,-0.0491,-2.17,-2.4,-9.34,-38.6,-7.01
1.15,-0.0579,-2.2,-2.54,-9.37,-38.3,-7.35
1.16,-0.068,-2.24,-2.68,-9.39,-38,-7.67
1.16,-0.0786,-2.27,-2.83,-9.43,-37.6,-7.93
1.17,-0.0898,-2.31,-2.97,-9.46,-37.2,-8.14
1.17,-0.102,-2.34,-3.12,-9.49,-36.8,-8.31
1.17,-0.115,-2.38,-3.27,-9.52,-36.3,-8.42
1.18,-0.128,-2.42,-3.41,-9.56,-35.8,-8.49
1.18,-0.142,-2.46,-3.56,-9.59,-35.2,-8.51
1.19,-0.157,-2.5,-3.7,-9.63,-34.6,-8.48
1.19,-0.173,-2.54,-3.84,-9.66,-33.9,-8.4
1.19,-0.19,-2.58,-3.99,-9.7,-33.2,-8.28
1.2,-0.207,-2.62,-4.12,-9.73,-32.4,-8.12
1.2,-0.224,-2.66,-4.26,-9.76,-31.6,-7.93
1.21,-0.243,-2.71,-4.39,-9.8,-30.8,-7.7
1.21,-0.262,-2.75,-4.52,-9.83,-29.9,-7.44
1.22,-0.281,-2.79,-4.65,-9.86,-29,-7.16
1.22,-0.301,-2.83,-4.77,-9.89,-28,-6.86
1.22,-0.322,-2.87,-4.89,-9.92,-27,-6.55
1.23,-0.344,-2.92,-5,-9.95,-25.9,-6.22
1.23,-0.366,-2.96,-5.11,-9.97,-24.9,-5.89
1.24,-0.388,-3,-5.22,-10,-23.8,-5.56
1.24,-0.411,-3.05,-5.32,-10,-22.7,-5.22
1.25,-0.435,-3.09,-5.42,-10,-21.5,-4.9
1.25,-0.459,-3.14,-5.51,-10.1,-20.4,-4.58
1.26,-0.484,-3.18,-5.6,-10.1,-19.2,-4.28
1.26,-0.509,-3.23,-5.68,-10.1,-18,-3.99
1.26,-0.535,-3.27,-5.76,-10.1,-16.8,-3.72
1.27,-0.562,-3.32,-5.84,-10.1,-15.7,-3.48
1.27,-0.588,-3.36,-5.9,-10.2,-14.5,-3.25
1.28,-0.616,-3.41,-5.97,-10.2,-13.3,-3.05
1.28,-0.644,-3.46,-6.03,-10.2,-12.1,-2.86
1.29,-0.672,-3.51,-6.08,-10.2,-10.9,-2.7
1.29,-0.701,-3.56,-6.13,-10.2,-9.67,-2.57
1.3,-0.73,-3.6,-6.17,-10.2,-8.46,-2.45
1.3,-0.76,-3.65,-6.21,-10.2,-7.25,-2.34
1.31,-0.79,-3.7,-6.24,-10.2,-6.05,-2.25
1.31,-0.82,-3.75,-6.27,-10.3,-4.85,-2.16
1.32,-0.851,-3.8,-6.29,-10.3,-3.63,-2.08
1.32,-0.881,-3.85,-6.3,-10.3,-2.41,-1.99
1.33,-0.912,-3.9,-6.31,-10.3,-1.18,-1.89
1.33,-0.943,-3.95,-6.32,-10.3,0.056,-1.78
1.34,-0.974,-4,-6.31,-10.3,1.33,-1.63
1.34,-1.01,-4.05,-6.3,-10.3,2.63,-1.46
1.35,-1.04,-4.11,-6.29,-10.3,3.95,-1.24
1.35,-1.07,-4.16,-6.26,-10.3,5.3,-0.969
1.36,-1.1,-4.21,-6.23,-10.3,6.65,-0.652
1.36,-1.13,-4.26,-6.2,-10.3,8.04,-0.274
1.37,-1.16,-4.31,-6.16,-10.3,9.47,0.171
1.37,-1.19,-4.36,-6.11,-10.3,10.9,0.688
1.38,-1.22,-4.41,-6.05,-10.3,12.5,1.31
1.38,-1.25,-4.46,-5.98,-10.3,14.1,2.02
1.39,-1.28,-4.52,-5.9,-10.3,15.7,2.81
1.39,-1.31,-4.57,-5.82,-10.3,17.4,3.69
1.4,-1.34,-4.62,-5.73,-10.3,19,4.57
1.4,-1.36,-4.66,-5.64,-10.2,20.6,5.53
1.4,-1.39,-4.71,-5.54,-10.2,22.2,6.54
1.41,-1.42,-4.76,-5.43,-10.2,23.8,7.61
1.41,-1.44,-4.81,-5.32,-10.1,25.4,8.73
1.42,-1.47,-4.85,-5.2,-10.1,27,9.88
1.42,-1.49,-4.9,-5.07,-10,28.6,11.1
1.43,-1.51,-4.95,-4.93,-9.99,30.1,12.3
1.43,-1.53,-4.99,-4.79,-9.94,31.5,13.4
1.44,-1.56,-5.04,-4.65,-9.88,32.9,14.5
1.44,-1.58,-5.08,-4.5,-9.81,34.1,15.6
1.45,-1.6,-5.12,-4.35,-9.74,35.3,16.6
1.45,-1.61,-5.16,-4.2,-9.66,36.5,17.6
1.45,-1.63,-5.21,-4.03,-9.59,37.5,18.6
1.46,-1.65,-5.25,-3.87,-9.5,38.4,19.4
1.46,-1.67,-5.29,-3.7,-9.42,39.3,20.2
1.47,-1.68,-5.33,-3.52,-9.32,40.1,21
1.47,-1.7,-5.38,-3.33,-9.22,40.7,21.6
1.48,-1.71,-5.42,-3.14,-9.12,41.3,22.2
1.48,-1.73,-5.46,-2.94,-9.01,41.7,22.6
1.49,-1.74,-5.5,-2.75,-8.91,42.1,22.9
1.49,-1.75,-5.54,-2.55,-8.8,42.3,23.1
1.5,-1.76,-5.59,-2.35,-8.69,42.4,23.2
1.5,-1.78,-5.63,-2.15,-8.58,42.4,23.1
1.51,-1.78,-5.67,-1.95,-8.47,42.3,23
1.51,-1.79,-5.71,-1.75,-8.36,42.1,22.7
1.51,-1.8,-5.75,-1.55,-8.26,41.8,22.3
1.52,-1.81,-5.78,-1.36,-8.15,41.5,21.8
1.52,-1.81,-5.82,-1.18,-8.06,41.1,21.3
1.53,-1.82,-5.85,-1,-7.97,40.7,20.7
1.53,-1.82,-5.89,-0.826,-7.88,40.3,20
1.54,-1.83,-5.92,-0.652,-7.8,39.8,19.2
1.54,-1.83,-5.96,-0.479,-7.72,39.4,18.4
1.55,-1.83,-5.99,-0.308,-7.64,38.9,17.5
1.55,-1.83,-6.02,-0.139,-7.56,38.4,16.6
1.55,-1.83,-6.06,0.0271,-7.49,37.9,15.6
1.56,-1.83,-6.09,0.185,-7.43,37.5,14.6
1.56,-1.83,-6.12,0.34,-7.37,37,13.5
1.57,-1.83,-6.15,0.494,-7.32,36.6,12.4
1.57,-1.83,-6.18,0.647,-7.27,36.2,11.3
1.58,-1.82,-6.21,0.797,-7.22,35.8,10.1
1.58,-1.82,-6.24,0.946,-7.18,35.5,8.92
1.58,-1.81,-6.27,1.09,-7.15,35.2,7.66
1.59,-1.81,-6.3,1.24,-7.12,34.9,6.37
1.59,-1.8,-6.33,1.37,-7.1,34.7,5.14
1.6,-1.8,-6.35,1.51,-7.08,34.6,3.88
1.6,-1.79,-6.38,1.64,-7.07,34.5,2.57
1.6,-1.79,-6.41,1.77,-7.06,34.4,1.22
1.61,-1.78,-6.43,1.9,-7.06,34.4,-0.172
1.61,-1.77,-6.46,2.03,-7.06,34.5,-1.61
1.61,-1.76,-6.49,2.17,-7.07,34.6,-3.11
1.62,-1.76,-6.52,2.3,-7.08,34.8,-4.67
1.62,-1.75,-6.54,2.43,-7.1,35.1,-6.26
1.63,-1.74,-6.57,2.56,-7.13,35.4,-7.93
1.63,-1.73,-6.59,2.69,-7.16,35.8,-9.67
1.63,-1.72,-6.62,2.83,-7.2,36.3,-11.5
1.64,-1.71,-6.65,2.95,-7.25,36.8,-13.3
1.64,-1.7,-6.67,3.09,-7.3,37.4,-15.2
1.64,-1.69,-6.7,3.22,-7.36,38.1,-17.3
1.65,-1.67,-6.73,3.36,-7.42,38.9,-19.4
1.65,-1.66,-6.75,3.49,-7.49,39.8,-21.5
1.65,-1.65,-6.77,3.62,-7.56,40.7,-23.7
1.66,-1.64,-6.8,3.75,-7.64,41.7,-26
1.66,-1.63,-6.82,3.89,-7.73,42.9,-28.4
1.66,-1.61,-6.85,4.02,-7.82,44,-30.7
1.67,-1.6,-6.87,4.16,-7.92,45.2,-33.1
1.67,-1.59,-6.9,4.3,-8.02,46.4,-35.6
1.67,-1.58,-6.92,4.44,-8.13,47.8,-38.3
1.68,-1.56,-6.94,4.57,-8.24,49.1,-40.8
1.68,-1.55,-6.97,4.71,-8.36,50.4,-43.3
1.68,-1.54,-6.99,4.85,-8.48,51.8,-45.9
1.68,-1.52,-7.01,4.99,-8.61,53.2,-48.5
1.69,-1.51,-7.03,5.13,-8.74,54.5,-51
1.69,-1.5,-7.06,5.27,-8.87,55.8,-53.4
1.69,-1.48,-7.08,5.41,-9.01,57,-55.7
1.69,-1.47,-7.1,5.56,-9.15,58.1,-57.8
1.7,-1.46,-7.13,5.71,-9.3,59.1,-59.8
1.7,-1.44,-7.15,5.86,-9.46,59.8,-61.4
1.7,-1.43,-7.17,6.02,-9.62,60.2,-62.6
1.7,-1.41,-7.2,6.17,-9.78,60.2,-63.3
1.71,-1.4,-7.22,6.28,-9.9,59.9,-63.4
1.71,-1.39,-7.24,6.4,-10,59.2,-63
1.71,-1.37,-7.26,6.51,-10.1,58.2,-62
1.71,-1.36,-7.28,6.63,-10.3,56.7,-60.5
1.71,-1.35,-7.3,6.73,-10.4,54.8,-58.3
1.72,-1.33,-7.32,6.84,-10.5,52.3,-55.4
1.72,-1.32,-7.34,6.94,-10.6,49.2,-51.7
1.72,-1.31,-7.36,7.03,-10.7,45.6,-47.2
1.72,-1.3,-7.38,7.1,-10.8,42.1,-42.8
1.72,-1.28,-7.39,7.16,-10.8,38.2,-37.8
1.72,-1.27,-7.41,7.22,-10.9,34,-32.4
1.73,-1.26,-7.43,7.27,-10.9,29.4,-26.4
1.73,-1.25,-7.44,7.32,-11,24.8,-20.5
1.73,-1.24,-7.46,7.35,-11,20,-14.2
1.73,-1.23,-7.48,7.38,-11,15.1,-7.77
1.73,-1.22,-7.49,7.4,-11,10.1,-1.16
1.73,-1.2,-7.51,7.41,-11,4.5,6.15
1.74,-1.19,-7.53,7.41,-11,-1.02,13.4
1.74,-1.18,-7.55,7.4,-11,-6.41,20.5
1.74,-1.17,-7.57,7.39,-10.9,-11.6,27.3
1.74,-1.15,-7.59,7.37,-10.9,-16.6,33.9
1.74,-1.14,-7.61,7.33,-10.8,-21.2,40
1.74,-1.13,-7.62,7.29,-10.7,-25.5,45.6
1.75,-1.12,-7.64,7.25,-10.7,-29.3,50.6
1.75,-1.11,-7.66,7.2,-10.6,-32.3,54.5
1.75,-1.1,-7.67,7.15,-10.5,-34.9,57.9
1.75,-1.09,-7.69,7.1,-10.4,-37.2,60.8
1.75,-1.08,-7.7,7.04,-10.3,-39.2,63.4
1.75,-1.06,-7.72,6.98,-10.2,-40.8,65.4
1.75,-1.05,-7.73,6.92,-10.1,-42.2,67.1
1.76,-1.04,-7.75,6.86,-10,-43.3,68.5
1.76,-1.03,-7.76,6.8,-9.93,-44.1,69.5
1.76,-1.02,-7.78,6.73,-9.82,-44.8,70.2
1.76,-1.01,-7.79,6.66,-9.71,-45.2,70.6
1.76,-1,-7.81,6.59,-9.6,-45.3,70.7
1.76,-0.994,-7.82,6.52,-9.49,-45.4,70.6
1.77,-0.982,-7.84,6.44,-9.37,-45.2,70.3
1.77,-0.971,-7.86,6.36,-9.25,-44.8,69.7
1.77,-0.96,-7.87,6.29,-9.13,-44.3,68.9
1.77,-0.95,-7.89,6.21,-9.01,-43.7,67.9
1.77,-0.937,-7.91,6.12,-8.87,-42.8,66.6
1.77,-0.924,-7.92,6.03,-8.74,-41.8,65.2
1.78,-0.912,-7.94,5.95,-8.6,-40.8,63.7
1.78,-0.9,-7.96,5.87,-8.47,-39.6,62.1
1.78,-0.885,-7.98,5.76,-8.32,-38.2,60.1
1.78,-0.87,-8,5.67,-8.16,-36.7,58.1
1.79,-0.856,-8.02,5.58,-8.02,-35.2,56
1.79,-0.841,-8.04,5.49,-7.87,-33.7,54
1.79,-0.824,-8.07,5.38,-7.71,-31.9,51.6
1.8,-0.807,-8.09,5.28,-7.55,-30.2,49.3
1.8,-0.791,-8.12,5.19,-7.4,-28.5,47.1
1.8,-0.774,-8.14,5.1,-7.25,-26.9,45.1
1.8,-0.759,-8.16,5.03,-7.12,-25.5,43.2
1.81,-0.744,-8.18,4.95,-6.99,-24.1,41.4
1.81,-0.729,-8.2,4.88,-6.87,-22.8,39.8
1.81,-0.715,-8.22,4.81,-6.75,-21.5,38.2
1.82,-0.699,-8.24,4.75,-6.63,-20.2,36.7
1.82,-0.684,-8.27,4.68,-6.51,-19,35.2
1.82,-0.669,-8.29,4.62,-6.4,-17.8,33.8
1.83,-0.654,-8.31,4.57,-6.29,-16.7,32.6
1.83,-0.637,-8.33,4.51,-6.18,-15.5,31.3
1.83,-0.621,-8.35,4.45,-6.06,-14.4,30.1
1.84,-0.605,-8.37,4.4,-5.96,-13.3,29
1.84,-0.589,-8.4,4.36,-5.85,-12.3,27.9
1.84,-0.572,-8.42,4.31,-5.75,-11.3,27
1.85,-0.556,-8.44,4.27,-5.64,-10.3,26.1
1.85,-0.539,-8.46,4.23,-5.54,-9.43,25.2
1.86,-0.523,-8.48,4.2,-5.45,-8.55,24.5
1.86,-0.505,-8.51,4.16,-5.34,-7.64,23.8
1.87,-0.487,-8.53,4.13,-5.24,-6.77,23.2
1.87,-0.47,-8.55,4.1,-5.15,-5.93,22.6
1.87,-0.452,-8.57,4.08,-5.05,-5.13,22.1
1.88,-0.434,-8.6,4.06,-4.95,-4.29,21.6
1.88,-0.415,-8.62,4.04,-4.85,-3.48,21.2
1.89,-0.396,-8.64,4.03,-4.75,-2.69,20.9
1.89,-0.377,-8.66,4.02,-4.66,-1.94,20.6
1.9,-0.357,-8.69,4.01,-4.55,-1.14,20.4
1.9,-0.336,-8.71,4,-4.45,-0.366,20.2
1.91,-0.316,-8.73,4,-4.35,0.379,20
1.91,-0.296,-8.75,4.01,-4.25,1.1,19.9
1.92,-0.274,-8.78,4.02,-4.14,1.82,19.9
1.92,-0.253,-8.8,4.03,-4.03,2.51,19.8
1.93,-0.231,-8.82,4.04,-3.93,3.16,19.8
1.93,-0.209,-8.84,4.06,-3.82,3.78,19.8
1.94,-0.188,-8.86,4.08,-3.72,4.33,19.8
1.94,-0.167,-8.88,4.11,-3.62,4.83,19.8
1.95,-0.146,-8.9,4.13,-3.51,5.27,19.7
1.95,-0.124,-8.91,4.16,-3.41,5.66,19.6
1.96,-0.101,-8.93,4.19,-3.31,5.99,19.4
1.97,-0.0785,-8.95,4.23,-3.2,6.23,19.1
1.97,-0.0553,-8.97,4.26,-3.1,6.37,18.8
1.98,-0.032,-8.98,4.29,-3,6.41,18.3
1.98,-0.00728,-9,4.33,-2.89,6.32,17.6
1.99,0.0176,-9.02,4.37,-2.79,6.1,16.8
1.99,0.0428,-9.03,4.4,-2.7,5.73,15.7
2,0.0681,-9.05,4.43,-2.61,5.22,14.5
2,0.0894,-9.06,4.46,-2.55,4.68,13.4
2.01,0.111,-9.07,4.48,-2.49,4.04,12.1
2.01,0.132,-9.09,4.49,-2.43,3.32,10.7
2.02,0.154,-9.1,4.51,-2.38,2.51,9.15
2.02,0.172,-9.11,4.52,-2.35,1.77,7.79
2.03,0.191,-9.12,4.52,-2.32,0.99,6.38
2.03,0.209,-9.13,4.53,-2.3,0.175,4.92
2.03,0.228,-9.13,4.52,-2.28,-0.665,3.43
2.04,0.246,-9.14,4.52,-2.27,-1.5,1.95
2.04,0.264,-9.15,4.51,-2.26,-2.34,0.472
2.05,0.282,-9.16,4.5,-2.27,-3.17,-0.993
2.05,0.299,-9.17,4.49,-2.27,-3.99,-2.43
2.06,0.318,-9.18,4.47,-2.29,-4.83,-3.92
2.06,0.337,-9.19,4.45,-2.31,-5.63,-5.35
2.06,0.356,-9.2,4.42,-2.33,-6.39,-6.7
2.07,0.375,-9.21,4.39,-2.36,-7.08,-7.97
2.07,0.397,-9.22,4.35,-2.41,-7.81,-9.34
2.08,0.418,-9.23,4.31,-2.45,-8.44,-10.6
2.08,0.439,-9.25,4.27,-2.51,-8.98,-11.6
2.09,0.461,-9.26,4.23,-2.57,-9.41,-12.6
2.09,0.478,-9.27,4.19,-2.62,-9.69,-13.2
2.1,0.496,-9.28,4.14,-2.68,-9.9,-13.8
2.1,0.513,-9.29,4.1,-2.74,-10,-14.3
2.1,0.53,-9.3,4.06,-2.8,-10.1,-14.7
2.11,0.546,-9.31,4.02,-2.86,-10.1,-14.9
2.11,0.561,-9.33,3.98,-2.92,-10.1,-15.1
2.12,0.577,-9.34,3.94,-2.98,-10,-15.3
2.12,0.592,-9.35,3.9,-3.04,-9.88,-15.4
2.12,0.608,-9.36,3.86,-3.1,-9.7,-15.4
2.13,0.624,-9.37,3.82,-3.16,-9.48,-15.4
2.13,0.64,-9.39,3.79,-3.23,-9.23,-15.4
2.14,0.655,-9.4,3.75,-3.29,-8.95,-15.3
2.14,0.672,-9.42,3.71,-3.36,-8.6,-15.2
2.15,0.689,-9.43,3.67,-3.43,-8.22,-15
2.15,0.706,-9.45,3.63,-3.5,-7.81,-14.8
2.15,0.723,-9.46,3.6,-3.57,-7.39,-14.7
2.16,0.744,-9.49,3.55,-3.65,-6.83,-14.4
2.17,0.765,-9.51,3.52,-3.74,-6.25,-14.2
2.17,0.786,-9.53,3.48,-3.82,-5.66,-14
2.18,0.806,-9.55,3.45,-3.9,-5.05,-13.8
2.19,0.831,-9.58,3.42,-4,-4.32,-13.6
2.19,0.855,-9.61,3.39,-4.1,-3.57,-13.5
2.2,0.879,-9.64,3.36,-4.19,-2.83,-13.4
2.21,0.903,-9.67,3.35,-4.29,-2.07,-13.4
2.21,0.924,-9.7,3.34,-4.37,-1.39,-13.5
2.22,0.945,-9.72,3.33,-4.46,-0.702,-13.6
2.23,0.966,-9.75,3.33,-4.55,-0.00117,-13.8
2.23,0.987,-9.78,3.33,-4.63,0.714,-14.1
2.24,1.01,-9.81,3.34,-4.72,1.41,-14.4
2.24,1.03,-9.84,3.35,-4.81,2.12,-14.8
2.25,1.05,-9.87,3.36,-4.9,2.86,-15.2
2.26,1.07,-9.9,3.38,-4.99,3.63,-15.8
2.26,1.09,-9.93,3.4,-5.08,4.4,-16.4
2.27,1.11,-9.96,3.43,-5.18,5.21,-17.1
2.27,1.13,-9.99,3.46,-5.28,6.05,-17.9
2.28,1.15,-10,3.5,-5.39,6.95,-18.7
2.28,1.16,-10,3.54,-5.48,7.78,-19.6
2.29,1.18,-10.1,3.58,-5.59,8.65,-20.5
2.29,1.2,-10.1,3.63,-5.69,9.57,-21.6
2.3,1.22,-10.1,3.68,-5.81,10.5,-22.7
2.3,1.24,-10.2,3.73,-5.91,11.4,-23.8
2.31,1.25,-10.2,3.78,-6.01,12.3,-24.9
2.31,1.27,-10.2,3.83,-6.12,13.3,-26.1
2.32,1.29,-10.2,3.89,-6.24,14.3,-27.4
2.32,1.3,-10.3,3.95,-6.34,15.2,-28.6
2.32,1.32,-10.3,4.01,-6.46,16.1,-29.8
2.33,1.33,-10.3,4.07,-6.57,17.1,-31.1
2.33,1.35,-10.3,4.14,-6.69,18.1,-32.4
2.34,1.36,-10.4,4.2,-6.81,18.9,-33.7
2.34,1.38,-10.4,4.27,-6.93,19.8,-34.9
2.34,1.39,-10.4,4.34,-7.05,20.6,-36.1
2.35,1.41,-10.4,4.42,-7.18,21.4,-37.2
2.35,1.42,-10.5,4.49,-7.31,22.1,-38.3
2.35,1.44,-10.5,4.57,-7.45,22.6,-39.2
2.36,1.45,-10.5,4.65,-7.58,23,-39.9
2.36,1.47,-10.5,4.73,-7.72,23.2,-40.3
2.36,1.48,-10.6,4.79,-7.83,23.2,-40.4
2.37,1.49,-10.6,4.85,-7.93,22.9,-40.3
2.37,1.51,-10.6,4.91,-8.04,22.5,-39.9
2.37,1.52,-10.6,4.96,-8.14,21.8,-39.2
2.37,1.53,-10.6,5.02,-8.24,20.9,-38.2
2.38,1.55,-10.7,5.07,-8.34,19.6,-36.7
2.38,1.56,-10.7,5.12,-8.43,18,-34.8
2.38,1.57,-10.7,5.17,-8.52,16.1,-32.5
2.38,1.58,-10.7,5.2,-8.59,14.2,-30.2
2.39,1.6,-10.7,5.23,-8.65,12.1,-27.5
2.39,1.61,-10.8,5.25,-8.71,9.79,-24.6
2.39,1.62,-10.8,5.27,-8.76,7.23,-21.4
2.39,1.63,-10.8,5.28,-8.79,4.69,-18.2
2.39,1.64,-10.8,5.29,-8.83,2,-14.8
2.4,1.65,-10.8,5.29,-8.85,-0.803,-11.3
2.4,1.66,-10.8,5.29,-8.87,-3.7,-7.61
2.4,1.67,-10.9,5.27,-8.88,-6.83,-3.67
2.4,1.68,-10.9,5.26,-8.89,-9.97,0.29
2.4,1.69,-10.9,5.23,-8.88,-13.1,4.2
2.41,1.7,-10.9,5.2,-8.87,-16.1,8
2.41,1.72,-10.9,5.16,-8.85,-19.4,12.1
2.41,1.73,-11,5.11,-8.81,-22.5,15.9
2.41,1.74,-11,5.05,-8.77,-25.4,19.3
2.42,1.75,-11,4.99,-8.72,-28,22.4
2.42,1.76,-11,4.93,-8.68,-29.9,24.7
2.42,1.77,-11,4.87,-8.63,-31.6,26.6
2.42,1.78,-11.1,4.81,-8.57,-33.1,28.3
2.42,1.79,-11.1,4.75,-8.52,-34.4,29.8
2.43,1.8,-11.1,4.68,-8.46,-35.5,30.9
2.43,1.81,-11.1,4.62,-8.4,-36.5,31.8
2.43,1.82,-11.1,4.55,-8.34,-37.3,32.5
2.43,1.82,-11.1,4.48,-8.28,-37.9,33
2.43,1.83,-11.2,4.4,-8.22,-38.4,33.3
2.43,1.84,-11.2,4.33,-8.15,-38.8,33.4
2.44,1.85,-11.2,4.25,-8.09,-39.1,33.4
2.44,1.86,-11.2,4.18,-8.02,-39.2,33.2
2.44,1.87,-11.2,4.09,-7.95,-39.3,32.9
2.44,1.88,-11.2,4.01,-7.88,-39.3,32.4
2.45,1.88,-11.3,3.92,-7.81,-39.2,31.8
2.45,1.89,-11.3,3.84,-7.75,-39,31.1
2.45,1.9,-11.3,3.74,-7.67,-38.7,30.2
2.45,1.91,-11.3,3.64,-7.59,-38.3,29.2
2.45,1.92,-11.3,3.55,-7.52,-37.9,28.1
2.46,1.93,-11.3,3.45,-7.45,-37.5,27
2.46,1.94,-11.4,3.33,-7.36,-36.9,25.5
2.46,1.95,-11.4,3.21,-7.28,-36.3,24
2.47,1.96,-11.4,3.09,-7.2,-35.6,22.5
2.47,1.97,-11.4,2.97,-7.13,-35,20.9
2.47,1.98,-11.5,2.83,-7.05,-34.3,19.2
2.48,1.99,-11.5,2.7,-6.98,-33.7,17.5
2.48,2,-11.5,2.58,-6.92,-33.1,15.9
2.49,2.01,-11.5,2.45,-6.86,-32.5,14.4
2.49,2.02,-11.6,2.34,-6.81,-32.1,13
2.49,2.03,-11.6,2.23,-6.77,-31.6,11.7
2.5,2.04,-11.6,2.12,-6.73,-31.3,10.5
2.5,2.04,-11.6,2.02,-6.7,-30.9,9.32
2.5,2.05,-11.7,1.91,-6.67,-30.7,8.17
2.51,2.06,-11.7,1.8,-6.64,-30.4,7.06
2.51,2.06,-11.7,1.7,-6.62,-30.2,6
2.51,2.07,-11.7,1.59,-6.6,-30,4.99
2.52,2.08,-11.8,1.49,-6.58,-29.9,3.98
2.52,2.08,-11.8,1.38,-6.57,-29.7,3.02
2.52,2.08,-11.8,1.27,-6.56,-29.7,2.09
2.53,2.09,-11.8,1.17,-6.56,-29.6,1.2
2.53,2.09,-11.9,1.06,-6.55,-29.6,0.33
2.54,2.1,-11.9,0.951,-6.55,-29.6,-0.507
2.54,2.1,-11.9,0.842,-6.56,-29.7,-1.31
2.54,2.1,-11.9,0.733,-6.56,-29.7,-2.08
2.55,2.11,-11.9,0.622,-6.57,-29.8,-2.82
2.55,2.11,-12,0.511,-6.59,-30,-3.53
2.55,2.11,-12,0.399,-6.6,-30.1,-4.21
2.56,2.11,-12,0.287,-6.62,-30.3,-4.87
2.56,2.11,-12,0.168,-6.64,-30.5,-5.52
2.57,2.11,-12.1,0.0483,-6.66,-30.7,-6.13
2.57,2.11,-12.1,-0.0721,-6.68,-30.9,-6.72
2.57,2.11,-12.1,-0.193,-6.71,-31.2,-7.27
2.58,2.11,-12.2,-0.329,-6.75,-31.5,-7.85
2.58,2.11,-12.2,-0.466,-6.78,-31.8,-8.38
2.59,2.11,-12.2,-0.605,-6.82,-32.1,-8.87
2.59,2.1,-12.2,-0.745,-6.86,-32.4,-9.33
2.6,2.1,-12.3,-0.92,-6.91,-32.8,-9.82
2.6,2.09,-12.3,-1.1,-6.96,-33.2,-10.3
2.61,2.09,-12.4,-1.28,-7.02,-33.6,-10.6
2.61,2.08,-12.4,-1.46,-7.08,-34,-10.9
2.62,2.07,-12.4,-1.65,-7.14,-34.4,-11.1
2.62,2.06,-12.5,-1.84,-7.2,-34.7,-11.2
2.63,2.05,-12.5,-2.03,-7.26,-35,-11.3
2.63,2.04,-12.6,-2.23,-7.32,-35.3,-11.2
2.64,2.03,-12.6,-2.4,-7.38,-35.5,-11
2.64,2.02,-12.6,-2.58,-7.43,-35.6,-10.8
2.65,2,-12.7,-2.76,-7.49,-35.8,-10.5
2.65,1.99,-12.7,-2.94,-7.54,-35.8,-10.1
2.66,1.97,-12.7,-3.12,-7.59,-35.8,-9.62
2.66,1.96,-12.8,-3.29,-7.63,-35.7,-9.05
2.67,1.94,-12.8,-3.47,-7.68,-35.6,-8.39
2.67,1.92,-12.9,-3.64,-7.72,-35.4,-7.64
2.68,1.9,-12.9,-3.82,-7.75,-35.1,-6.77
2.68,1.88,-12.9,-4.01,-7.79,-34.7,-5.8
2.69,1.86,-13,-4.18,-7.81,-34.3,-4.74
2.69,1.84,-13,-4.36,-7.83,-33.8,-3.59
2.7,1.81,-13.1,-4.55,-7.85,-33.1,-2.21
2.71,1.79,-13.1,-4.74,-7.86,-32.3,-0.726
2.71,1.76,-13.1,-4.93,-7.86,-31.5,0.851
2.72,1.73,-13.2,-5.1,-7.85,-30.5,2.51
2.73,1.69,-13.3,-5.34,-7.82,-29.1,4.88
2.73,1.65,-13.3,-5.56,-7.77,-27.5,7.37
2.74,1.6,-13.4,-5.77,-7.71,-25.8,9.95
2.75,1.56,-13.4,-5.96,-7.62,-24,12.6
2.76,1.52,-13.5,-6.12,-7.52,-22.4,15
2.76,1.47,-13.5,-6.27,-7.41,-20.7,17.4
2.77,1.43,-13.6,-6.4,-7.29,-18.9,19.8
2.78,1.39,-13.6,-6.53,-7.14,-17.1,22.2
2.78,1.35,-13.7,-6.62,-7.01,-15.6,24.3
2.79,1.31,-13.7,-6.71,-6.86,-14,26.4
2.79,1.27,-13.8,-6.79,-6.69,-12.4,28.4
2.8,1.23,-13.8,-6.86,-6.52,-10.8,30.4
2.81,1.19,-13.8,-6.91,-6.34,-9.24,32.3
2.81,1.15,-13.9,-6.96,-6.16,-7.74,34.2
2.82,1.11,-13.9,-7,-5.96,-6.26,35.9
2.82,1.07,-13.9,-7.03,-5.75,-4.8,37.7
2.83,1.04,-14,-7.05,-5.56,-3.49,39.2
2.83,0.999,-14,-7.07,-5.35,-2.21,40.7
2.84,0.962,-14,-7.07,-5.14,-0.973,42.1
2.84,0.926,-14,-7.08,-4.92,0.221,43.4
2.85,0.891,-14.1,-7.07,-4.7,1.32,44.6
2.85,0.856,-14.1,-7.06,-4.48,2.36,45.7
2.86,0.821,-14.1,-7.05,-4.25,3.34,46.8
2.86,0.787,-14.1,-7.03,-4.02,4.26,47.7
2.87,0.752,-14.2,-7.01,-3.78,5.12,48.6
2.87,0.717,-14.2,-6.98,-3.53,5.91,49.3
2.88,0.682,-14.2,-6.95,-3.28,6.62,50
2.88,0.648,-14.2,-6.91,-3.03,7.25,50.5
2.89,0.608,-14.2,-6.87,-2.74,7.87,51.1
2.89,0.568,-14.2,-6.82,-2.44,8.36,51.4
2.9,0.528,-14.3,-6.77,-2.14,8.73,51.7
2.91,0.489,-14.3,-6.72,-1.84,8.97,51.8
2.91,0.462,-14.3,-6.68,-1.63,9.07,51.8
2.91,0.434,-14.3,-6.65,-1.41,9.09,51.7
2.92,0.407,-14.3,-6.61,-1.2,9.06,51.6
2.92,0.379,-14.3,-6.57,-0.987,8.96,51.5
2.93,0.352,-14.3,-6.54,-0.775,8.79,51.3
2.93,0.326,-14.3,-6.5,-0.563,8.57,51.1
2.93,0.299,-14.3,-6.46,-0.353,8.28,50.8
2.94,0.272,-14.3,-6.43,-0.144,7.94,50.6
2.94,0.248,-14.3,-6.4,0.0462,7.57,50.3
2.95,0.224,-14.3,-6.37,0.235,7.15,50
2.95,0.2,-14.3,-6.35,0.423,6.69,49.8
2.95,0.176,-14.3,-6.32,0.61,6.18,49.5
2.96,0.148,-14.3,-6.3,0.826,5.53,49.2
2.96,0.121,-14.3,-6.28,1.04,4.82,48.9
2.97,0.0935,-14.3,-6.26,1.25,4.04,48.7
2.97,0.0662,-14.3,-6.24,1.47,3.21,48.5
2.98,0.0396,-14.3,-6.23,1.67,2.34,48.3
2.98,0.0132,-14.3,-6.22,1.88,1.41,48.2
2.98,-0.0133,-14.3,-6.22,2.08,0.424,48.2
2.99,-0.0397,-14.2,-6.22,2.29,-0.628,48.3
2.99,-0.0662,-14.2,-6.22,2.49,-1.75,48.4
3,-0.0926,-14.2,-6.23,2.7,-2.93,48.6
3,-0.119,-14.2,-6.25,2.91,-4.19,48.9
3.01,-0.146,-14.2,-6.27,3.12,-5.53,49.4
3.01,-0.17,-14.2,-6.29,3.31,-6.83,49.9
3.01,-0.195,-14.2,-6.32,3.5,-8.2,50.5
3.02,-0.219,-14.2,-6.35,3.7,-9.65,51.3
3.02,-0.244,-14.1,-6.4,3.9,-11.2,52.2
3.02,-0.267,-14.1,-6.44,4.09,-12.7,53.1
3.03,-0.29,-14.1,-6.49,4.28,-14.3,54.2
3.03,-0.313,-14.1,-6.54,4.47,-15.9,55.4
3.04,-0.336,-14.1,-6.6,4.67,-17.7,56.8
3.04,-0.357,-14.1,-6.66,4.86,-19.4,58.2
3.04,-0.379,-14.1,-6.72,5.05,-21.1,59.6
3.04,-0.401,-14,-6.79,5.24,-23,61.3
3.05,-0.423,-14,-6.87,5.44,-24.9,63
3.05,-0.443,-14,-6.95,5.63,-26.8,64.7
3.05,-0.463,-14,-7.03,5.82,-28.7,66.5
3.06,-0.483,-14,-7.11,6.01,-30.6,68.4
3.06,-0.504,-13.9,-7.2,6.22,-32.6,70.4
3.06,-0.523,-13.9,-7.29,6.4,-34.4,72.2
3.06,-0.543,-13.9,-7.39,6.6,-36.3,74.1
3.07,-0.563,-13.9,-7.49,6.8,-38.1,75.9
3.07,-0.583,-13.9,-7.59,7,-39.9,77.6
3.07,-0.602,-13.9,-7.69,7.2,-41.5,79.1
3.08,-0.622,-13.8,-7.8,7.41,-42.9,80.5
3.08,-0.642,-13.8,-7.91,7.62,-44.1,81.5
3.08,-0.663,-13.8,-8.03,7.83,-45.1,82.1
3.08,-0.683,-13.8,-8.14,8.03,-45.6,82.2
3.09,-0.703,-13.8,-8.25,8.23,-45.7,81.7
3.09,-0.723,-13.7,-8.36,8.43,-45.2,80.3
3.09,-0.744,-13.7,-8.47,8.62,-44,78.1
3.09,-0.757,-13.7,-8.54,8.74,-42.9,76.1
3.09,-0.771,-13.7,-8.61,8.86,-41.4,73.5
3.09,-0.785,-13.7,-8.67,8.98,-39.5,70.5
3.1,-0.799,-13.7,-8.73,9.09,-37.1,66.8
3.1,-0.812,-13.7,-8.79,9.19,-34.4,62.6
3.1,-0.827,-13.6,-8.84,9.29,-31.3,57.8
3.1,-0.841,-13.6,-8.89,9.37,-27.7,52.4
3.1,-0.855,-13.6,-8.93,9.45,-23.7,46.5
3.1,-0.868,-13.6,-8.96,9.52,-19.7,40.5
3.11,-0.881,-13.6,-8.99,9.57,-15.3,34.1
3.11,-0.895,-13.6,-9.01,9.62,-10.7,27.3
3.11,-0.908,-13.6,-9.02,9.65,-5.94,20.3
3.11,-0.922,-13.5,-9.03,9.68,-0.839,12.8
3.11,-0.935,-13.5,-9.02,9.69,4.36,5.23
3.11,-0.949,-13.5,-9.01,9.69,9.58,-2.39
3.11,-0.963,-13.5,-9,9.68,14.8,-9.93
3.12,-0.977,-13.5,-8.97,9.66,20,-17.6
3.12,-0.991,-13.5,-8.93,9.63,25.1,-25.1
3.12,-1.01,-13.4,-8.89,9.58,30,-32.1
3.12,-1.02,-13.4,-8.84,9.53,34.5,-38.7
3.12,-1.03,-13.4,-8.78,9.46,38.3,-44.3
3.12,-1.05,-13.4,-8.72,9.4,41.9,-49.5
3.13,-1.06,-13.4,-8.66,9.32,45,-54.1
3.13,-1.07,-13.4,-8.59,9.23,47.8,-58.3
3.13,-1.08,-13.4,-8.52,9.15,50.1,-61.6
3.13,-1.09,-13.3,-8.45,9.07,52,-64.5
3.13,-1.11,-13.3,-8.38,8.97,53.6,-66.9
3.13,-1.12,-13.3,-8.3,8.88,54.9,-68.9
3.13,-1.13,-13.3,-8.23,8.78,56,-70.6
3.14,-1.14,-13.3,-8.15,8.68,56.9,-71.9
3.14,-1.15,-13.3,-8.06,8.58,57.4,-72.9
3.14,-1.16,-13.3,-7.98,8.48,57.8,-73.5
3.14,-1.18,-13.3,-7.89,8.36,58,-73.9
3.14,-1.19,-13.2,-7.8,8.25,57.9,-73.9
3.14,-1.2,-13.2,-7.71,8.13,57.7,-73.7
3.14,-1.21,-13.2,-7.63,8.02,57.3,-73.3
3.15,-1.23,-13.2,-7.52,7.89,56.6,-72.5
3.15,-1.24,-13.2,-7.42,7.76,55.8,-71.6
3.15,-1.25,-13.2,-7.33,7.64,54.9,-70.4
3.15,-1.26,-13.2,-7.23,7.51,53.9,-69.1
3.15,-1.28,-13.2,-7.11,7.36,52.6,-67.3
3.16,-1.3,-13.1,-6.99,7.21,51.2,-65.5
3.16,-1.31,-13.1,-6.88,7.07,49.7,-63.5
3.16,-1.33,-13.1,-6.77,6.93,48.2,-61.5
3.16,-1.35,-13.1,-6.64,6.75,46.3,-58.9
3.17,-1.37,-13.1,-6.5,6.59,44.3,-56.2
3.17,-1.38,-13,-6.38,6.43,42.5,-53.7
3.17,-1.4,-13,-6.26,6.27,40.6,-51.2
3.18,-1.42,-13,-6.15,6.13,39,-48.9
3.18,-1.44,-13,-6.04,6,37.4,-46.7
3.18,-1.45,-13,-5.94,5.87,35.8,-44.6
3.18,-1.47,-13,-5.84,5.75,34.4,-42.5
3.19,-1.49,-12.9,-5.74,5.63,33,-40.5
3.19,-1.5,-12.9,-5.64,5.51,31.6,-38.7
3.19,-1.52,-12.9,-5.55,5.4,30.4,-36.9
3.2,-1.54,-12.9,-5.47,5.3,29.2,-35.2
3.2,-1.55,-12.9,-5.38,5.19,27.9,-33.4
3.2,-1.57,-12.9,-5.29,5.08,26.8,-31.7
3.2,-1.59,-12.8,-5.2,4.98,25.7,-30.1
3.21,-1.6,-12.8,-5.12,4.89,24.7,-28.7
3.21,-1.62,-12.8,-5.04,4.79,23.7,-27.1
3.22,-1.64,-12.8,-4.95,4.69,22.7,-25.6
3.22,-1.66,-12.8,-4.87,4.6,21.8,-24.2
3.22,-1.68,-12.8,-4.79,4.52,21,-22.9
3.23,-1.7,-12.7,-4.71,4.43,20.1,-21.5
3.23,-1.72,-12.7,-4.63,4.34,19.3,-20.1
3.23,-1.73,-12.7,-4.55,4.26,18.5,-18.9
3.24,-1.75,-12.7,-4.47,4.18,17.8,-17.7
3.24,-1.77,-12.7,-4.39,4.1,17.1,-16.4
3.25,-1.8,-12.7,-4.31,4.02,16.5,-15.2
3.25,-1.82,-12.6,-4.23,3.95,15.9,-14.1
3.26,-1.84,-12.6,-4.15,3.89,15.4,-13
3.26,-1.86,-12.6,-4.07,3.82,14.9,-11.9
3.27,-1.88,-12.6,-3.99,3.76,14.4,-10.8
3.27,-1.9,-12.6,-3.91,3.7,14,-9.77
3.28,-1.92,-12.5,-3.84,3.65,13.7,-8.79
3.29,-1.95,-12.5,-3.75,3.6,13.4,-7.72
3.29,-1.97,-12.5,-3.67,3.55,13.1,-6.7
3.3,-1.99,-12.5,-3.59,3.52,12.9,-5.72
3.31,-2.02,-12.4,-3.51,3.48,12.7,-4.78
3.31,-2.04,-12.4,-3.43,3.46,12.5,-3.89
3.32,-2.06,-12.4,-3.36,3.44,12.4,-3.03
3.32,-2.08,-12.4,-3.28,3.42,12.4,-2.21
3.33,-2.1,-12.4,-3.21,3.41,12.3,-1.41
3.34,-2.11,-12.3,-3.14,3.4,12.3,-0.695
3.34,-2.13,-12.3,-3.07,3.4,12.3,-0.00695
3.35,-2.15,-12.3,-3,3.4,12.3,0.651
3.35,-2.17,-12.3,-2.93,3.41,12.3,1.28
3.36,-2.18,-12.3,-2.86,3.42,12.3,1.85
3.36,-2.2,-12.2,-2.79,3.43,12.3,2.39
3.37,-2.21,-12.2,-2.72,3.44,12.3,2.89
3.37,-2.23,-12.2,-2.65,3.46,12.3,3.34
3.38,-2.24,-12.2,-2.58,3.48,12.3,3.74
3.39,-2.26,-12.2,-2.51,3.5,12.2,4.08
3.39,-2.27,-12.1,-2.44,3.53,12.1,4.35
3.4,-2.29,-12.1,-2.37,3.55,12,4.55
3.4,-2.3,-12.1,-2.3,3.58,11.8,4.68
3.41,-2.32,-12.1,-2.22,3.61,11.6,4.7
3.42,-2.33,-12.1,-2.15,3.64,11.3,4.62
3.42,-2.34,-12,-2.08,3.67,10.9,4.44
3.43,-2.35,-12,-2.02,3.69,10.6,4.17
3.43,-2.37,-12,-1.96,3.72,10.1,3.81
3.44,-2.38,-12,-1.9,3.74,9.62,3.38
3.45,-2.39,-11.9,-1.85,3.76,9.09,2.86
3.45,-2.4,-11.9,-1.8,3.77,8.51,2.28
3.46,-2.41,-11.9,-1.75,3.78,7.89,1.64
3.46,-2.42,-11.9,-1.71,3.79,7.25,0.946
3.47,-2.43,-11.9,-1.67,3.79,6.59,0.221
3.47,-2.44,-11.8,-1.63,3.79,5.88,-0.574
3.48,-2.45,-11.8,-1.6,3.79,5.17,-1.38
3.49,-2.46,-11.8,-1.57,3.77,4.47,-2.18
3.49,-2.47,-11.8,-1.54,3.76,3.79,-2.96
3.5,-2.47,-11.8,-1.53,3.74,3.29,-3.53
3.5,-2.48,-11.7,-1.51,3.73,2.82,-4.08
3.51,-2.49,-11.7,-1.5,3.71,2.36,-4.6
3.51,-2.5,-11.7,-1.49,3.68,1.94,-5.09
3.52,-2.5,-11.7,-1.48,3.66,1.54,-5.55
3.52,-2.51,-11.7,-1.48,3.63,1.17,-5.98
3.53,-2.52,-11.6,-1.47,3.6,0.823,-6.37
3.53,-2.52,-11.6,-1.47,3.57,0.51,-6.73
3.53,-2.53,-11.6,-1.47,3.54,0.236,-7.04
3.54,-2.54,-11.6,-1.47,3.51,-0.0112,-7.31
3.54,-2.54,-11.6,-1.47,3.48,-0.233,-7.56
3.55,-2.55,-11.6,-1.47,3.44,-0.431,-7.78
3.55,-2.56,-11.6,-1.47,3.41,-0.608,-7.97
3.56,-2.56,-11.5,-1.47,3.37,-0.763,-8.14
3.56,-2.57,-11.5,-1.48,3.33,-0.895,-8.28
3.57,-2.58,-11.5,-1.48,3.29,-1.01,-8.39
3.57,-2.58,-11.5,-1.49,3.25,-1.11,-8.49
3.58,-2.59,-11.5,-1.49,3.21,-1.19,-8.57
3.58,-2.6,-11.5,-1.5,3.17,-1.25,-8.62
3.59,-2.6,-11.4,-1.5,3.13,-1.3,-8.66
3.59,-2.61,-11.4,-1.51,3.08,-1.33,-8.68
3.6,-2.62,-11.4,-1.52,3.04,-1.35,-8.68
3.6,-2.63,-11.4,-1.53,2.99,-1.36,-8.67
3.61,-2.64,-11.4,-1.53,2.94,-1.35,-8.65
3.61,-2.65,-11.4,-1.54,2.89,-1.33,-8.61
3.62,-2.66,-11.3,-1.55,2.84,-1.3,-8.56
3.63,-2.67,-11.3,-1.56,2.79,-1.26,-8.5
3.63,-2.67,-11.3,-1.56,2.74,-1.22,-8.44
3.64,-2.69,-11.3,-1.57,2.67,-1.15,-8.35
3.65,-2.7,-11.3,-1.58,2.61,-1.08,-8.26
3.65,-2.71,-11.3,-1.59,2.55,-1.01,-8.17
3.66,-2.72,-11.2,-1.6,2.49,-0.929,-8.08
3.67,-2.74,-11.2,-1.61,2.4,-0.808,-7.94
3.68,-2.76,-11.2,-1.61,2.31,-0.685,-7.81
3.69,-2.78,-11.2,-1.62,2.23,-0.565,-7.68
3.71,-2.79,-11.1,-1.63,2.14,-0.448,-7.57
3.72,-2.81,-11.1,-1.63,2.06,-0.346,-7.48
3.73,-2.83,-11.1,-1.63,1.99,-0.25,-7.4
3.74,-2.84,-11.1,-1.64,1.91,-0.158,-7.33
3.75,-2.86,-11,-1.64,1.84,-0.0727,-7.28
3.76,-2.88,-11,-1.64,1.76,0.00776,-7.23
3.77,-2.89,-11,-1.64,1.69,0.082,-7.19
3.78,-2.91,-11,-1.64,1.61,0.15,-7.16
3.79,-2.93,-11,-1.63,1.54,0.212,-7.14
3.8,-2.95,-11,-1.63,1.46,0.272,-7.12
3.81,-2.97,-10.9,-1.63,1.38,0.324,-7.12
3.82,-2.98,-10.9,-1.62,1.3,0.368,-7.12
3.83,-3,-10.9,-1.62,1.22,0.405,-7.13
3.85,-3.02,-10.9,-1.61,1.13,0.435,-7.14
3.86,-3.04,-10.9,-1.61,1.04,0.455,-7.16
3.87,-3.06,-10.9,-1.6,0.949,0.466,-7.18
3.88,-3.08,-10.9,-1.6,0.86,0.465,-7.2
3.9,-3.1,-10.9,-1.59,0.766,0.452,-7.23
3.91,-3.12,-10.8,-1.59,0.671,0.427,-7.25
3.92,-3.14,-10.8,-1.58,0.577,0.389,-7.27
3.94,-3.17,-10.8,-1.58,0.482,0.338,-7.29
3.95,-3.18,-10.8,-1.57,0.395,0.279,-7.3
3.96,-3.2,-10.8,-1.57,0.308,0.208,-7.31
3.97,-3.22,-10.8,-1.57,0.221,0.124,-7.3
3.98,-3.24,-10.8,-1.57,0.134,0.0288,-7.29
3.99,-3.26,-10.8,-1.57,0.0515,-0.0737,-7.27
4.01,-3.28,-10.8,-1.57,-0.0307,-0.188,-7.24
4.02,-3.29,-10.8,-1.57,-0.112,-0.313,-7.21
4.03,-3.31,-10.8,-1.58,-0.194,-0.451,-7.16
4.04,-3.33,-10.8,-1.58,-0.277,-0.605,-7.1
4.05,-3.35,-10.8,-1.59,-0.359,-0.772,-7.02
4.06,-3.37,-10.8,-1.6,-0.441,-0.951,-6.94
4.07,-3.39,-10.8,-1.61,-0.521,-1.14,-6.84
4.09,-3.41,-10.8,-1.63,-0.606,-1.36,-6.71
4.1,-3.43,-10.8,-1.65,-0.69,-1.6,-6.57
4.11,-3.45,-10.9,-1.67,-0.772,-1.85,-6.41
4.13,-3.47,-10.9,-1.69,-0.851,-2.11,-6.22
4.14,-3.49,-10.9,-1.72,-0.935,-2.41,-6
4.15,-3.52,-10.9,-1.76,-1.01,-2.72,-5.76
4.17,-3.54,-10.9,-1.8,-1.09,-3.05,-5.48
4.18,-3.56,-10.9,-1.84,-1.16,-3.39,-5.18
4.19,-3.58,-10.9,-1.88,-1.22,-3.67,-4.92
4.2,-3.61,-11,-1.92,-1.27,-3.97,-4.63
4.21,-3.63,-11,-1.97,-1.32,-4.27,-4.32
4.22,-3.65,-11,-2.02,-1.37,-4.58,-3.99
4.23,-3.67,-11,-2.07,-1.41,-4.88,-3.65
4.25,-3.69,-11,-2.12,-1.44,-5.19,-3.29
4.26,-3.72,-11,-2.18,-1.48,-5.5,-2.9
4.27,-3.74,-11,-2.23,-1.51,-5.82,-2.49
4.28,-3.76,-11.1,-2.29,-1.53,-6.12,-2.08
4.29,-3.78,-11.1,-2.35,-1.55,-6.43,-1.65
4.3,-3.81,-11.1,-2.42,-1.56,-6.74,-1.19
4.3,-3.83,-11.1,-2.49,-1.57,-7.06,-0.7
4.31,-3.85,-11.1,-2.55,-1.57,-7.36,-0.22
4.32,-3.88,-11.1,-2.62,-1.57,-7.67,0.287
4.33,-3.9,-11.1,-2.69,-1.57,-7.99,0.822
4.34,-3.93,-11.2,-2.77,-1.56,-8.31,1.38
4.35,-3.95,-11.2,-2.84,-1.54,-8.63,1.96
4.36,-3.98,-11.2,-2.92,-1.52,-8.95,2.55
4.37,-4,-11.2,-3,-1.5,-9.29,3.18
4.38,-4.03,-11.2,-3.08,-1.47,-9.63,3.84
4.38,-4.05,-11.2,-3.15,-1.44,-9.92,4.4
4.39,-4.07,-11.2,-3.22,-1.41,-10.2,4.97
4.4,-4.1,-11.2,-3.29,-1.37,-10.5,5.57
4.4,-4.12,-11.3,-3.37,-1.33,-10.8,6.19
4.41,-4.14,-11.3,-3.43,-1.29,-11.1,6.74
4.42,-4.16,-11.3,-3.5,-1.24,-11.4,7.3
4.42,-4.18,-11.3,-3.57,-1.2,-11.7,7.88
4.43,-4.2,-11.3,-3.64,-1.15,-12,8.48
4.43,-4.22,-11.3,-3.71,-1.1,-12.3,9.01
4.44,-4.24,-11.3,-3.77,-1.05,-12.6,9.56
4.44,-4.26,-11.3,-3.84,-1,-12.9,10.1
4.45,-4.28,-11.3,-3.91,-0.948,-13.2,10.7
4.45,-4.3,-11.3,-3.97,-0.898,-13.4,11.2
4.46,-4.32,-11.3,-4.03,-0.844,-13.7,11.7
4.46,-4.34,-11.3,-4.1,-0.789,-14,12.2
4.47,-4.36,-11.3,-4.16,-0.731,-14.3,12.7
4.47,-4.38,-11.3,-4.22,-0.677,-14.6,13.2
4.48,-4.39,-11.3,-4.29,-0.621,-14.9,13.7
4.48,-4.41,-11.3,-4.35,-0.563,-15.2,14.1
4.49,-4.43,-11.3,-4.41,-0.503,-15.4,14.6
4.49,-4.45,-11.3,-4.47,-0.446,-15.7,15
4.49,-4.46,-11.3,-4.53,-0.387,-16,15.4
4.5,-4.48,-11.3,-4.6,-0.326,-16.2,15.8
4.5,-4.5,-11.3,-4.66,-0.264,-16.5,16.2
4.5,-4.52,-11.3,-4.72,-0.204,-16.7,16.5
4.51,-4.53,-11.3,-4.78,-0.142,-17,16.8
4.51,-4.55,-11.3,-4.85,-0.0797,-17.2,17.1
4.52,-4.57,-11.3,-4.91,-0.016,-17.4,17.4
4.52,-4.59,-11.3,-4.97,0.047,-17.6,17.6
4.52,-4.61,-11.3,-5.04,0.111,-17.7,17.7
4.53,-4.62,-11.3,-5.1,0.175,-17.9,17.8
4.53,-4.64,-11.3,-5.17,0.239,-18,17.9
4.53,-4.66,-11.3,-5.23,0.306,-18.1,17.9
4.54,-4.68,-11.3,-5.3,0.373,-18.1,17.7
4.54,-4.7,-11.3,-5.37,0.44,-18.1,17.5
4.54,-4.72,-11.3,-5.44,0.505,-18,17.2
4.55,-4.74,-11.3,-5.5,0.562,-17.9,16.8
4.55,-4.76,-11.3,-5.56,0.617,-17.7,16.4
4.55,-4.78,-11.3,-5.61,0.67,-17.5,15.8
4.56,-4.8,-11.3,-5.67,0.722,-17.1,15.1
4.56,-4.82,-11.3,-5.73,0.77,-16.8,14.2
4.56,-4.83,-11.3,-5.78,0.816,-16.3,13.3
4.57,-4.85,-11.3,-5.84,0.859,-15.8,12.2
4.57,-4.87,-11.3,-5.89,0.897,-15.2,11
4.57,-4.89,-11.3,-5.93,0.926,-14.6,9.92
4.58,-4.91,-11.3,-5.97,0.951,-14,8.75
4.58,-4.92,-11.3,-6,0.973,-13.4,7.51
4.58,-4.94,-11.3,-6.04,0.991,-12.7,6.18
4.58,-4.95,-11.3,-6.07,1.01,-12,4.88
4.59,-4.97,-11.3,-6.1,1.02,-11.3,3.52
4.59,-4.98,-11.3,-6.13,1.02,-10.5,2.11
4.59,-5,-11.3,-6.15,1.03,-9.73,0.65
4.6,-5.02,-11.3,-6.18,1.03,-8.9,-0.901
4.6,-5.03,-11.3,-6.2,1.02,-8.05,-2.49
4.6,-5.05,-11.3,-6.22,1.01,-7.18,-4.1
4.6,-5.06,-11.3,-6.24,1,-6.31,-5.72
4.61,-5.08,-11.3,-6.25,0.979,-5.24,-7.72
4.61,-5.1,-11.3,-6.27,0.951,-4.18,-9.71
4.61,-5.12,-11.3,-6.28,0.917,-3.14,-11.7
4.62,-5.14,-11.3,-6.29,0.877,-2.12,-13.6
4.62,-5.16,-11.3,-6.29,0.836,-1.25,-15.3
4.62,-5.18,-11.3,-6.3,0.791,-0.413,-16.9
4.62,-5.2,-11.3,-6.3,0.742,0.391,-18.4
4.63,-5.21,-11.3,-6.29,0.688,1.16,-19.9
4.63,-5.23,-11.3,-6.29,0.637,1.79,-21.2
4.63,-5.25,-11.3,-6.29,0.584,2.4,-22.4
4.63,-5.26,-11.3,-6.28,0.527,2.97,-23.6
4.64,-5.28,-11.3,-6.27,0.468,3.51,-24.7
4.64,-5.29,-11.3,-6.26,0.407,4.01,-25.7
4.64,-5.31,-11.3,-6.25,0.344,4.48,-26.7
4.64,-5.32,-11.3,-6.24,0.278,4.92,-27.6
4.65,-5.34,-11.3,-6.23,0.21,5.33,-28.5
4.65,-5.35,-11.2,-6.21,0.138,5.72,-29.3
4.65,-5.37,-11.2,-6.2,0.0643,6.09,-30.1
4.65,-5.38,-11.2,-6.18,-0.0115,6.42,-30.8
4.66,-5.4,-11.2,-6.17,-0.0891,6.73,-31.5
4.66,-5.41,-11.2,-6.15,-0.173,7.04,-32.2
4.66,-5.43,-11.3,-6.13,-0.259,7.32,-32.8
4.66,-5.45,-11.3,-6.11,-0.347,7.59,-33.4
4.67,-5.46,-11.3,-6.09,-0.435,7.83,-34
4.67,-5.48,-11.3,-6.07,-0.534,8.07,-34.5
4.67,-5.5,-11.3,-6.04,-0.635,8.3,-35
4.68,-5.52,-11.3,-6.02,-0.736,8.52,-35.4
4.68,-5.53,-11.3,-5.99,-0.839,8.72,-35.8
4.68,-5.55,-11.3,-5.97,-0.957,8.94,-36.3
4.68,-5.57,-11.3,-5.94,-1.08,9.15,-36.6
4.69,-5.59,-11.3,-5.91,-1.2,9.36,-37
4.69,-5.61,-11.3,-5.87,-1.32,9.56,-37.3
4.7,-5.64,-11.3,-5.83,-1.48,9.83,-37.6
4.7,-5.66,-11.3,-5.79,-1.64,10.1,-37.9
4.7,-5.69,-11.3,-5.75,-1.81,10.4,-38.1
4.71,-5.71,-11.3,-5.7,-1.97,10.7,-38.3
4.71,-5.74,-11.3,-5.64,-2.18,11.1,-38.5
4.72,-5.77,-11.3,-5.58,-2.38,11.5,-38.6
4.72,-5.8,-11.3,-5.52,-2.59,11.9,-38.7
4.73,-5.83,-11.4,-5.45,-2.8,12.4,-38.7
4.73,-5.86,-11.4,-5.39,-2.98,12.9,-38.7
4.74,-5.88,-11.4,-5.33,-3.17,13.4,-38.6
4.74,-5.91,-11.4,-5.26,-3.35,13.9,-38.5
4.75,-5.93,-11.4,-5.2,-3.54,14.5,-38.4
4.75,-5.96,-11.4,-5.13,-3.71,15.1,-38.3
4.76,-5.98,-11.4,-5.06,-3.89,15.7,-38.2
4.76,-6,-11.5,-4.99,-4.06,16.3,-38
4.77,-6.02,-11.5,-4.91,-4.24,16.9,-37.8
4.77,-6.05,-11.5,-4.83,-4.4,17.6,-37.7
4.78,-6.07,-11.5,-4.75,-4.57,18.3,-37.5
4.78,-6.09,-11.5,-4.67,-4.74,19,-37.3
4.79,-6.11,-11.6,-4.58,-4.9,19.7,-37
4.79,-6.13,-11.6,-4.5,-5.06,20.4,-36.8
4.79,-6.15,-11.6,-4.41,-5.22,21.1,-36.6
4.8,-6.17,-11.6,-4.31,-5.38,21.9,-36.4
4.8,-6.19,-11.7,-4.22,-5.54,22.6,-36.2
4.81,-6.2,-11.7,-4.12,-5.7,23.4,-36
4.81,-6.22,-11.7,-4.02,-5.85,24.1,-35.8
4.82,-6.24,-11.7,-3.91,-6,24.9,-35.7
4.82,-6.25,-11.8,-3.8,-6.15,25.6,-35.5
4.82,-6.27,-11.8,-3.7,-6.3,26.4,-35.4
4.83,-6.28,-11.8,-3.59,-6.44,27.1,-35.2
4.83,-6.3,-11.8,-3.47,-6.59,27.8,-35.1
4.84,-6.31,-11.9,-3.36,-6.73,28.5,-35
4.84,-6.33,-11.9,-3.25,-6.87,29.1,-35
4.84,-6.34,-11.9,-3.13,-7,29.7,-34.9
4.85,-6.35,-11.9,-3.01,-7.14,30.3,-34.9
4.85,-6.36,-12,-2.89,-7.28,30.9,-34.9
4.86,-6.37,-12,-2.78,-7.41,31.4,-34.9
4.86,-6.38,-12,-2.66,-7.54,31.9,-34.9
4.86,-6.39,-12.1,-2.54,-7.67,32.3,-34.8
4.87,-6.4,-12.1,-2.42,-7.8,32.7,-34.8
4.87,-6.41,-12.1,-2.3,-7.93,33,-34.8
4.87,-6.42,-12.1,-2.18,-8.05,33.2,-34.7
4.88,-6.43,-12.2,-2.06,-8.18,33.4,-34.6
4.88,-6.43,-12.2,-1.93,-8.3,33.4,-34.4
4.89,-6.44,-12.2,-1.81,-8.43,33.3,-34.2
4.89,-6.45,-12.3,-1.69,-8.56,33.1,-33.8
4.89,-6.45,-12.3,-1.57,-8.68,32.8,-33.3
4.9,-6.46,-12.3,-1.45,-8.8,32.2,-32.6
4.9,-6.46,-12.4,-1.36,-8.89,31.7,-32
4.9,-6.47,-12.4,-1.27,-8.98,31,-31.3
4.9,-6.47,-12.4,-1.18,-9.07,30.1,-30.4
4.91,-6.47,-12.4,-1.1,-9.15,29.2,-29.3
4.91,-6.48,-12.5,-1.02,-9.24,28,-28.1
4.91,-6.48,-12.5,-0.939,-9.31,26.7,-26.8
4.92,-6.48,-12.5,-0.866,-9.39,25.3,-25.2
4.92,-6.48,-12.5,-0.797,-9.45,23.6,-23.4
4.92,-6.49,-12.6,-0.744,-9.51,22.1,-21.9
4.92,-6.49,-12.6,-0.696,-9.55,20.6,-20.2
4.93,-6.49,-12.6,-0.651,-9.6,18.9,-18.4
4.93,-6.49,-12.6,-0.61,-9.64,17.1,-16.4
4.93,-6.49,-12.6,-0.575,-9.67,15.4,-14.5
4.93,-6.49,-12.7,-0.545,-9.7,13.5,-12.5
4.93,-6.49,-12.7,-0.518,-9.72,11.6,-10.5
4.94,-6.49,-12.7,-0.495,-9.74,9.69,-8.33
4.94,-6.5,-12.7,-0.476,-9.76,7.54,-5.98
4.94,-6.5,-12.7,-0.461,-9.77,5.35,-3.57
4.94,-6.5,-12.8,-0.452,-9.78,3.13,-1.14
4.95,-6.5,-12.8,-0.447,-9.78,0.906,1.3
4.95,-6.5,-12.8,-0.447,-9.77,-0.966,3.36
4.95,-6.5,-12.8,-0.451,-9.76,-2.82,5.39
4.95,-6.5,-12.8,-0.458,-9.75,-4.66,7.4
4.95,-6.5,-12.9,-0.469,-9.73,-6.45,9.36
4.96,-6.5,-12.9,-0.483,-9.71,-8.21,11.3
4.96,-6.5,-12.9,-0.5,-9.69,-9.91,13.1
4.96,-6.51,-12.9,-0.521,-9.66,-11.6,14.9
4.96,-6.51,-12.9,-0.544,-9.63,-13.1,16.6
4.96,-6.51,-13,-0.57,-9.6,-14.6,18.2
4.96,-6.51,-13,-0.599,-9.57,-16,19.7
4.97,-6.51,-13,-0.63,-9.53,-17.3,21.2
4.97,-6.51,-13,-0.664,-9.49,-18.6,22.5
4.97,-6.51,-13,-0.699,-9.44,-19.8,23.7
4.97,-6.51,-13,-0.736,-9.4,-20.8,24.9
4.97,-6.51,-13.1,-0.776,-9.35,-21.8,25.9
4.98,-6.52,-13.1,-0.817,-9.3,-22.8,26.9
4.98,-6.52,-13.1,-0.861,-9.25,-23.7,27.8
4.98,-6.52,-13.1,-0.906,-9.2,-24.5,28.6
4.98,-6.52,-13.1,-0.953,-9.14,-25.2,29.4
4.98,-6.52,-13.2,-1,-9.09,-25.9,30.1
4.99,-6.53,-13.2,-1.05,-9.03,-26.5,30.7
4.99,-6.53,-13.2,-1.11,-8.97,-27,31.3
4.99,-6.53,-13.2,-1.16,-8.9,-27.5,31.8
4.99,-6.53,-13.2,-1.22,-8.84,-27.9,32.2
4.99,-6.53,-13.2,-1.28,-8.76,-28.3,32.6
5,-6.54,-13.3,-1.35,-8.69,-28.6,32.9
5,-6.54,-13.3,-1.41,-8.61,-28.9,33.2
5,-6.54,-13.3,-1.48,-8.53,-29,33.4
5,-6.55,-13.3,-1.56,-8.44,-29.2,33.6
5.01,-6.55,-13.4,-1.64,-8.35,-29.2,33.7
5.01,-6.56,-13.4,-1.73,-8.25,-29.2,33.7
5.01,-6.56,-13.4,-1.81,-8.16,-29.1,33.8
5.02,-6.57,-13.4,-1.93,-8.02,-28.9,33.7
5.02,-6.58,-13.5,-2.05,-7.88,-28.6,33.6
5.02,-6.59,-13.5,-2.17,-7.73,-28.1,33.4
5.03,-6.6,-13.5,-2.29,-7.59,-27.7,33.2
5.03,-6.61,-13.6,-2.39,-7.47,-27.2,33
5.04,-6.62,-13.6,-2.49,-7.35,-26.6,32.9
5.04,-6.62,-13.6,-2.59,-7.22,-26.1,32.7
5.04,-6.63,-13.6,-2.69,-7.1,-25.5,32.5
5.05,-6.64,-13.7,-2.78,-6.98,-24.9,32.3
5.05,-6.66,-13.7,-2.87,-6.86,-24.3,32.2
5.05,-6.67,-13.7,-2.96,-6.74,-23.7,32
5.06,-6.68,-13.7,-3.05,-6.62,-23,31.9
5.06,-6.69,-13.8,-3.13,-6.5,-22.3,31.8
5.07,-6.7,-13.8,-3.22,-6.38,-21.7,31.7
5.07,-6.71,-13.8,-3.3,-6.25,-21,31.6
5.07,-6.73,-13.8,-3.38,-6.13,-20.3,31.5
5.08,-6.74,-13.9,-3.46,-6,-19.6,31.4
5.08,-6.76,-13.9,-3.54,-5.87,-18.9,31.4
5.09,-6.77,-13.9,-3.62,-5.75,-18.1,31.3
5.09,-6.79,-13.9,-3.69,-5.62,-17.4,31.3
5.09,-6.8,-14,-3.76,-5.48,-16.7,31.2
5.1,-6.82,-14,-3.84,-5.35,-16,31.2
5.1,-6.83,-14,-3.9,-5.21,-15.2,31.1
5.11,-6.85,-14,-3.97,-5.08,-14.5,31.1
5.11,-6.87,-14.1,-4.03,-4.94,-13.8,31.1
5.12,-6.89,-14.1,-4.09,-4.8,-13.1,31
5.12,-6.91,-14.1,-4.15,-4.65,-12.3,31
5.13,-6.93,-14.1,-4.21,-4.51,-11.7,30.9
5.13,-6.95,-14.1,-4.26,-4.36,-10.9,30.8
5.14,-6.97,-14.2,-4.31,-4.21,-10.3,30.8
5.14,-6.99,-14.2,-4.36,-4.06,-9.59,30.7
5.15,-7.01,-14.2,-4.4,-3.92,-8.95,30.6
5.15,-7.03,-14.2,-4.45,-3.76,-8.29,30.5
5.16,-7.06,-14.2,-4.49,-3.6,-7.66,30.3
5.16,-7.08,-14.3,-4.53,-3.44,-7.06,30.1
5.17,-7.1,-14.3,-4.56,-3.29,-6.48,30
5.17,-7.13,-14.3,-4.6,-3.12,-5.89,29.7
5.18,-7.15,-14.3,-4.63,-2.95,-5.33,29.5
5.18,-7.18,-14.3,-4.66,-2.79,-4.8,29.2
5.19,-7.21,-14.3,-4.68,-2.62,-4.31,28.9
5.19,-7.24,-14.4,-4.71,-2.44,-3.8,28.6
5.2,-7.27,-14.4,-4.73,-2.27,-3.32,28.2
5.21,-7.3,-14.4,-4.75,-2.09,-2.88,27.8
5.21,-7.33,-14.4,-4.77,-1.92,-2.48,27.4
5.22,-7.36,-14.4,-4.79,-1.72,-2.03,26.8
5.23,-7.4,-14.4,-4.8,-1.52,-1.62,26.2
5.24,-7.43,-14.4,-4.81,-1.33,-1.25,25.5
5.24,-7.47,-14.4,-4.82,-1.14,-0.896,24.8
5.25,-7.49,-14.4,-4.82,-1.02,-0.686,24.4
5.25,-7.51,-14.5,-4.82,-0.91,-0.481,23.9
5.26,-7.54,-14.5,-4.83,-0.8,-0.279,23.4
5.26,-7.56,-14.5,-4.83,-0.692,-0.0773,22.9
5.27,-7.58,-14.5,-4.83,-0.587,0.126,22.3
5.27,-7.6,-14.5,-4.83,-0.484,0.332,21.7
5.28,-7.63,-14.5,-4.82,-0.385,0.545,21.1
5.28,-7.65,-14.5,-4.82,-0.288,0.767,20.5
5.28,-7.67,-14.5,-4.82,-0.202,0.978,19.9
5.29,-7.69,-14.5,-4.81,-0.118,1.2,19.3
5.29,-7.71,-14.5,-4.81,-0.0374,1.44,18.6
5.3,-7.73,-14.5,-4.8,0.0405,1.68,17.9
5.3,-7.75,-14.5,-4.79,0.112,1.94,17.2
5.31,-7.77,-14.5,-4.78,0.181,2.2,16.5
5.31,-7.79,-14.5,-4.77,0.247,2.49,15.8
5.31,-7.81,-14.5,-4.76,0.309,2.78,15
5.32,-7.83,-14.5,-4.75,0.368,3.1,14.2
5.32,-7.85,-14.5,-4.74,0.424,3.43,13.4
5.33,-7.87,-14.5,-4.72,0.476,3.77,12.6
5.33,-7.88,-14.5,-4.71,0.525,4.13,11.8
5.33,-7.9,-14.5,-4.69,0.574,4.52,10.8
5.34,-7.92,-14.5,-4.67,0.618,4.93,9.9
5.34,-7.94,-14.5,-4.65,0.658,5.35,8.94
5.35,-7.96,-14.5,-4.62,0.694,5.78,7.98
5.35,-7.98,-14.4,-4.6,0.722,6.16,7.15
5.35,-8,-14.4,-4.58,0.747,6.54,6.32
5.36,-8.02,-14.4,-4.55,0.769,6.91,5.49
5.36,-8.03,-14.4,-4.53,0.788,7.29,4.68
5.37,-8.05,-14.4,-4.5,0.804,7.65,3.88
5.37,-8.07,-14.4,-4.47,0.816,8.01,3.1
5.37,-8.08,-14.4,-4.44,0.827,8.35,2.35
5.38,-8.1,-14.4,-4.41,0.834,8.68,1.62
5.38,-8.11,-14.4,-4.38,0.838,8.98,0.961
5.38,-8.13,-14.4,-4.35,0.841,9.26,0.332
5.39,-8.14,-14.4,-4.31,0.841,9.53,-0.263
5.39,-8.16,-14.4,-4.28,0.839,9.77,-0.823
5.39,-8.17,-14.4,-4.25,0.835,9.98,-1.32
5.4,-8.19,-14.4,-4.21,0.83,10.2,-1.79
5.4,-8.2,-14.4,-4.18,0.823,10.3,-2.22
5.4,-8.22,-14.4,-4.14,0.815,10.5,-2.61
5.41,-8.23,-14.4,-4.11,0.806,10.6,-2.97
5.41,-8.24,-14.4,-4.07,0.795,10.7,-3.29
5.41,-8.26,-14.4,-4.03,0.783,10.8,-3.58
5.42,-8.27,-14.4,-4,0.771,10.9,-3.82
5.42,-8.29,-14.4,-3.96,0.757,10.9,-4.05
5.43,-8.3,-14.4,-3.92,0.742,11,-4.24
5.43,-8.31,-14.4,-3.88,0.726,11,-4.39
5.43,-8.33,-14.4,-3.84,0.71,11,-4.5
5.44,-8.34,-14.4,-3.8,0.692,10.9,-4.6
5.44,-8.36,-14.4,-3.75,0.674,10.9,-4.65
5.44,-8.37,-14.4,-3.71,0.656,10.8,-4.68
5.45,-8.39,-14.4,-3.67,0.637,10.7,-4.67
5.45,-8.4,-14.4,-3.62,0.616,10.6,-4.63
5.46,-8.42,-14.4,-3.57,0.594,10.5,-4.55
5.46,-8.44,-14.4,-3.52,0.573,10.3,-4.44
5.47,-8.45,-14.4,-3.47,0.553,10.2,-4.31
5.47,-8.47,-14.4,-3.42,0.529,9.94,-4.11
5.48,-8.49,-14.4,-3.36,0.507,9.7,-3.89
5.48,-8.51,-14.4,-3.31,0.485,9.46,-3.65
5.49,-8.53,-14.4,-3.25,0.465,9.21,-3.39
5.49,-8.55,-14.3,-3.2,0.447,8.96,-3.11
5.5,-8.57,-14.3,-3.15,0.43,8.71,-2.83
5.51,-8.58,-14.3,-3.1,0.415,8.45,-2.54
5.51,-8.6,-14.3,-3.06,0.401,8.2,-2.25
5.52,-8.62,-14.3,-3.01,0.39,7.96,-1.97
5.52,-8.63,-14.3,-2.97,0.381,7.73,-1.7
5.53,-8.65,-14.3,-2.93,0.373,7.51,-1.43
5.53,-8.66,-14.3,-2.9,0.366,7.29,-1.17
5.54,-8.68,-14.3,-2.86,0.36,7.06,-0.897
5.54,-8.69,-14.3,-2.82,0.356,6.84,-0.631
5.55,-8.71,-14.3,-2.78,0.354,6.62,-0.37
5.55,-8.72,-14.3,-2.75,0.352,6.41,-0.114
5.56,-8.74,-14.3,-2.71,0.352,6.2,0.149
5.57,-8.75,-14.3,-2.68,0.354,5.99,0.405
5.57,-8.77,-14.3,-2.65,0.357,5.78,0.654
5.58,-8.78,-14.3,-2.61,0.361,5.59,0.896
5.58,-8.8,-14.3,-2.58,0.367,5.38,1.14
5.59,-8.81,-14.3,-2.55,0.375,5.18,1.39
5.59,-8.83,-14.3,-2.52,0.384,4.99,1.62
5.6,-8.84,-14.3,-2.49,0.394,4.81,1.84
5.61,-8.86,-14.3,-2.46,0.407,4.62,2.07
5.61,-8.87,-14.3,-2.43,0.421,4.44,2.29
5.62,-8.89,-14.3,-2.4,0.436,4.26,2.5
5.63,-8.91,-14.3,-2.38,0.453,4.09,2.71
5.63,-8.92,-14.3,-2.35,0.472,3.92,2.91
5.64,-8.94,-14.3,-2.32,0.493,3.75,3.11
5.65,-8.95,-14.3,-2.3,0.515,3.59,3.3
5.65,-8.97,-14.3,-2.27,0.538,3.44,3.48
5.66,-8.99,-14.3,-2.25,0.564,3.29,3.66
5.67,-9,-14.3,-2.23,0.592,3.15,3.84
5.68,-9.02,-14.3,-2.2,0.62,3.01,4
5.68,-9.03,-14.3,-2.18,0.65,2.88,4.16
5.69,-9.05,-14.3,-2.16,0.683,2.75,4.31
5.7,-9.07,-14.3,-2.14,0.718,2.63,4.46
5.71,-9.09,-14.3,-2.12,0.753,2.51,4.6
5.71,-9.1,-14.2,-2.1,0.79,2.41,4.73
5.72,-9.12,-14.2,-2.08,0.83,2.31,4.87
5.73,-9.14,-14.2,-2.06,0.871,2.21,4.99
5.74,-9.15,-14.2,-2.04,0.913,2.12,5.11
5.75,-9.17,-14.2,-2.03,0.956,2.05,5.22
5.76,-9.19,-14.2,-2.01,1,1.97,5.34
5.77,-9.21,-14.2,-1.99,1.05,1.91,5.45
5.77,-9.22,-14.2,-1.97,1.1,1.85,5.56
5.78,-9.24,-14.2,-1.96,1.15,1.8,5.66
5.79,-9.26,-14.2,-1.94,1.21,1.76,5.77
5.8,-9.28,-14.2,-1.92,1.27,1.73,5.88
5.81,-9.3,-14.1,-1.9,1.33,1.71,5.99
5.82,-9.32,-14.1,-1.89,1.39,1.7,6.09
5.83,-9.34,-14.1,-1.87,1.45,1.71,6.21
5.85,-9.36,-14.1,-1.85,1.52,1.73,6.33
5.86,-9.38,-14.1,-1.83,1.59,1.76,6.46
5.87,-9.4,-14.1,-1.81,1.66,1.8,6.59
5.88,-9.42,-14,-1.79,1.73,1.86,6.72
5.89,-9.44,-14,-1.77,1.8,1.93,6.86
5.9,-9.46,-14,-1.75,1.88,2.01,7.01
5.91,-9.47,-14,-1.73,1.95,2.11,7.18
5.92,-9.49,-14,-1.71,2.02,2.21,7.34
5.93,-9.51,-13.9,-1.69,2.1,2.33,7.52
5.94,-9.52,-13.9,-1.66,2.17,2.46,7.71
5.95,-9.54,-13.9,-1.64,2.25,2.61,7.91
5.96,-9.56,-13.9,-1.61,2.32,2.75,8.11
5.97,-9.57,-13.9,-1.59,2.4,2.91,8.32
5.98,-9.58,-13.8,-1.56,2.47,3.08,8.54
5.98,-9.6,-13.8,-1.53,2.55,3.26,8.78
5.99,-9.61,-13.8,-1.51,2.62,3.43,9
6,-9.62,-13.8,-1.48,2.7,3.62,9.24
6.01,-9.63,-13.7,-1.45,2.77,3.81,9.49
6.02,-9.65,-13.7,-1.41,2.85,4.01,9.74
6.02,-9.66,-13.7,-1.38,2.93,4.2,9.98
6.03,-9.67,-13.7,-1.35,3,4.39,10.2
6.04,-9.68,-13.7,-1.32,3.08,4.58,10.5
6.05,-9.69,-13.6,-1.28,3.16,4.77,10.7
6.05,-9.7,-13.6,-1.25,3.24,4.95,10.9
6.06,-9.71,-13.6,-1.21,3.32,5.13,11.2
6.07,-9.71,-13.6,-1.17,3.41,5.29,11.4
6.08,-9.72,-13.5,-1.13,3.49,5.43,11.5
6.08,-9.73,-13.5,-1.09,3.57,5.54,11.7
6.09,-9.74,-13.5,-1.06,3.64,5.62,11.8
6.1,-9.74,-13.5,-1.02,3.72,5.68,11.9
6.1,-9.75,-13.4,-0.983,3.8,5.7,11.9
6.11,-9.76,-13.4,-0.955,3.86,5.68,11.9
6.11,-9.76,-13.4,-0.927,3.92,5.64,11.8
6.12,-9.76,-13.4,-0.899,3.98,5.57,11.7
6.12,-9.77,-13.4,-0.872,4.03,5.47,11.6
6.13,-9.77,-13.3,-0.845,4.09,5.33,11.4
6.13,-9.78,-13.3,-0.819,4.15,5.15,11.2
6.14,-9.78,-13.3,-0.794,4.2,4.92,10.9
6.14,-9.79,-13.3,-0.771,4.25,4.66,10.6
6.15,-9.79,-13.3,-0.751,4.3,4.38,10.2
6.15,-9.79,-13.2,-0.733,4.34,4.06,9.85
6.16,-9.79,-13.2,-0.716,4.38,3.71,9.41
6.16,-9.8,-13.2,-0.7,4.42,3.31,8.92
6.16,-9.8,-13.2,-0.688,4.46,2.91,8.42
6.17,-9.8,-13.2,-0.677,4.49,2.47,7.88
6.17,-9.81,-13.2,-0.668,4.52,2.01,7.3
6.18,-9.81,-13.1,-0.661,4.55,1.51,6.67
6.18,-9.81,-13.1,-0.656,4.57,0.996,6.04
6.18,-9.81,-13.1,-0.653,4.6,0.46,5.37
6.19,-9.82,-13.1,-0.653,4.62,-0.101,4.68
6.19,-9.82,-13.1,-0.654,4.63,-0.684,3.95
6.2,-9.82,-13,-0.658,4.65,-1.28,3.21
6.2,-9.82,-13,-0.664,4.66,-1.9,2.45
6.2,-9.83,-13,-0.672,4.66,-2.52,1.68
6.21,-9.83,-13,-0.683,4.67,-3.16,0.89
6.21,-9.83,-13,-0.697,4.67,-3.82,0.0732
6.21,-9.83,-13,-0.713,4.67,-4.48,-0.744
6.22,-9.84,-12.9,-0.732,4.67,-5.14,-1.56
6.22,-9.84,-12.9,-0.754,4.66,-5.8,-2.36
6.23,-9.84,-12.9,-0.78,4.65,-6.51,-3.22
6.23,-9.85,-12.9,-0.81,4.63,-7.19,-4.06
6.24,-9.85,-12.9,-0.843,4.61,-7.86,-4.86
6.24,-9.85,-12.8,-0.878,4.59,-8.49,-5.62
6.24,-9.86,-12.8,-0.917,4.56,-9.11,-6.36
6.25,-9.86,-12.8,-0.96,4.53,-9.69,-7.04
6.25,-9.87,-12.8,-1,4.5,-10.2,-7.66
6.26,-9.87,-12.8,-1.05,4.46,-10.7,-8.22
6.26,-9.88,-12.7,-1.1,4.42,-11.2,-8.71
6.27,-9.88,-12.7,-1.15,4.38,-11.6,-9.14
6.27,-9.89,-12.7,-1.2,4.34,-11.9,-9.5
6.28,-9.89,-12.7,-1.26,4.3,-12.2,-9.79
6.28,-9.9,-12.7,-1.31,4.26,-12.5,-10
6.28,-9.9,-12.6,-1.36,4.21,-12.7,-10.2
6.29,-9.91,-12.6,-1.42,4.17,-12.8,-10.3
6.29,-9.92,-12.6,-1.47,4.13,-13,-10.3
6.3,-9.92,-12.6,-1.53,4.08,-13.1,-10.3
6.3,-9.93,-12.6,-1.59,4.04,-13.1,-10.3
6.31,-9.94,-12.6,-1.65,3.99,-13.2,-10.2
6.31,-9.94,-12.5,-1.7,3.95,-13.2,-10
6.32,-9.95,-12.5,-1.77,3.9,-13.2,-9.84
6.32,-9.96,-12.5,-1.83,3.85,-13.2,-9.59
6.32,-9.97,-12.5,-1.9,3.8,-13.1,-9.3
6.33,-9.98,-12.5,-1.96,3.76,-13,-8.97
6.34,-9.99,-12.4,-2.04,3.71,-12.9,-8.54
6.34,-10,-12.4,-2.11,3.66,-12.8,-8.07
6.35,-10,-12.4,-2.19,3.61,-12.7,-7.57
6.35,-10,-12.4,-2.26,3.57,-12.6,-7.04
6.36,-10,-12.4,-2.35,3.52,-12.4,-6.35
6.37,-10.1,-12.3,-2.43,3.48,-12.3,-5.64
6.37,-10.1,-12.3,-2.52,3.45,-12.2,-4.9
6.38,-10.1,-12.3,-2.61,3.41,-12.1,-4.13
6.39,-10.1,-12.3,-2.69,3.39,-12,-3.34
6.4,-10.1,-12.2,-2.78,3.37,-11.9,-2.54
6.4,-10.2,-12.2,-2.86,3.35,-11.9,-1.71
6.41,-10.2,-12.2,-2.94,3.34,-11.9,-0.855
6.42,-10.2,-12.2,-3.02,3.34,-12,-0.0362
6.42,-10.2,-12.1,-3.1,3.34,-12.1,0.807
6.43,-10.2,-12.1,-3.18,3.35,-12.2,1.68
6.44,-10.3,-12.1,-3.26,3.36,-12.4,2.58
6.44,-10.3,-12.1,-3.36,3.39,-12.6,3.62
6.45,-10.3,-12,-3.45,3.42,-12.9,4.72
6.46,-10.3,-12,-3.55,3.46,-13.3,5.87
6.47,-10.4,-12,-3.65,3.5,-13.8,7.1
6.47,-10.4,-12,-3.72,3.54,-14.2,8.02
6.48,-10.4,-12,-3.8,3.59,-14.6,9
6.48,-10.4,-11.9,-3.88,3.64,-15.1,10
6.49,-10.4,-11.9,-3.96,3.69,-15.6,11.1
6.49,-10.5,-11.9,-4.04,3.76,-16.2,12.3
6.5,-10.5,-11.9,-4.13,3.82,-16.9,13.5
6.5,-10.5,-11.9,-4.22,3.9,-17.7,14.8
6.51,-10.5,-11.8,-4.31,3.98,-18.5,16.2
6.51,-10.5,-11.8,-4.4,4.06,-19.3,17.5
6.52,-10.6,-11.8,-4.49,4.14,-20.2,18.9
6.52,-10.6,-11.8,-4.59,4.23,-21.1,20.4
6.53,-10.6,-11.8,-4.69,4.33,-22.2,22
6.53,-10.6,-11.7,-4.78,4.42,-23.1,23.5
6.53,-10.6,-11.7,-4.87,4.52,-24.1,25
6.54,-10.7,-11.7,-4.97,4.62,-25.2,26.7
6.54,-10.7,-11.7,-5.07,4.73,-26.4,28.4
6.55,-10.7,-11.7,-5.17,4.83,-27.5,30
6.55,-10.7,-11.7,-5.26,4.94,-28.7,31.6
6.55,-10.7,-11.6,-5.37,5.05,-29.8,33.3
6.56,-10.8,-11.6,-5.47,5.17,-31.1,35
6.56,-10.8,-11.6,-5.57,5.28,-32.2,36.6
6.56,-10.8,-11.6,-5.67,5.4,-33.4,38.2
6.57,-10.8,-11.6,-5.78,5.52,-34.6,39.8
6.57,-10.8,-11.6,-5.89,5.65,-35.7,41.4
6.57,-10.8,-11.5,-5.99,5.77,-36.8,42.8
6.57,-10.9,-11.5,-6.1,5.89,-37.8,44.2
6.58,-10.9,-11.5,-6.21,6.03,-38.7,45.4
6.58,-10.9,-11.5,-6.33,6.16,-39.6,46.4
6.58,-10.9,-11.5,-6.45,6.3,-40.2,47.2
6.59,-10.9,-11.4,-6.57,6.44,-40.7,47.6
6.59,-11,-11.4,-6.69,6.58,-40.8,47.7
6.59,-11,-11.4,-6.81,6.72,-40.6,47.2
6.59,-11,-11.4,-6.89,6.82,-40.2,46.5
6.6,-11,-11.4,-6.98,6.92,-39.6,45.4
6.6,-11,-11.4,-7.06,7.01,-38.7,44
6.6,-11,-11.3,-7.14,7.1,-37.5,42.1
6.6,-11.1,-11.3,-7.22,7.19,-36.1,39.8
6.6,-11.1,-11.3,-7.29,7.27,-34.2,37
6.61,-11.1,-11.3,-7.36,7.34,-32.1,33.8
6.61,-11.1,-11.3,-7.42,7.41,-29.7,30.1
6.61,-11.1,-11.3,-7.48,7.46,-27.3,26.5
6.61,-11.1,-11.3,-7.52,7.5,-24.6,22.5
6.61,-11.1,-11.2,-7.57,7.54,-21.8,18.3
6.62,-11.2,-11.2,-7.6,7.57,-18.8,13.8
6.62,-11.2,-11.2,-7.63,7.59,-15.7,9.15
6.62,-11.2,-11.2,-7.66,7.6,-12.5,4.38
6.62,-11.2,-11.2,-7.68,7.61,-9.29,-0.479
6.62,-11.2,-11.2,-7.69,7.6,-6.02,-5.38
6.63,-11.2,-11.2,-7.7,7.58,-2.22,-11.1
6.63,-11.2,-11.1,-7.7,7.56,1.49,-16.7
6.63,-11.3,-11.1,-7.69,7.52,5.04,-22.1
6.63,-11.3,-11.1,-7.68,7.46,8.4,-27.3
6.63,-11.3,-11.1,-7.66,7.4,11.4,-31.8
6.64,-11.3,-11.1,-7.63,7.34,14.1,-36
6.64,-11.3,-11.1,-7.6,7.26,16.5,-39.9
6.64,-11.3,-11.1,-7.57,7.18,18.6,-43.3
6.64,-11.3,-11,-7.54,7.1,20.2,-45.9
6.64,-11.4,-11,-7.5,7.02,21.6,-48.3
6.64,-11.4,-11,-7.46,6.94,22.8,-50.3
6.65,-11.4,-11,-7.42,6.85,23.8,-52.1
6.65,-11.4,-11,-7.38,6.76,24.6,-53.6
6.65,-11.4,-11,-7.34,6.67,25.2,-54.9
6.65,-11.4,-11,-7.3,6.58,25.6,-55.9
6.65,-11.4,-11,-7.25,6.48,25.9,-56.8
6.65,-11.4,-11,-7.21,6.37,26.1,-57.4
6.66,-11.5,-10.9,-7.16,6.27,26.1,-57.9
6.66,-11.5,-10.9,-7.11,6.16,26,-58.2
6.66,-11.5,-10.9,-7.06,6.06,25.8,-58.4
6.66,-11.5,-10.9,-7.01,5.94,25.5,-58.4
6.66,-11.5,-10.9,-6.96,5.82,25,-58.3
6.67,-11.5,-10.9,-6.91,5.7,24.5,-58.1
6.67,-11.5,-10.9,-6.86,5.58,23.9,-57.7
6.67,-11.6,-10.9,-6.8,5.44,23.1,-57.2
6.67,-11.6,-10.8,-6.74,5.3,22.3,-56.7
6.68,-11.6,-10.8,-6.69,5.16,21.4,-56
6.68,-11.6,-10.8,-6.64,5.02,20.4,-55.4
6.68,-11.6,-10.8,-6.57,4.84,19.2,-54.4
6.69,-11.7,-10.8,-6.51,4.67,17.9,-53.5
6.69,-11.7,-10.8,-6.46,4.49,16.6,-52.6
6.69,-11.7,-10.8,-6.4,4.32,15.3,-51.7
6.7,-11.7,-10.7,-6.35,4.12,13.8,-50.7
6.7,-11.7,-10.7,-6.3,3.93,12.4,-49.7
6.7,-11.8,-10.7,-6.25,3.74,11.1,-48.9
6.71,-11.8,-10.7,-6.21,3.55,9.75,-48.1
6.71,-11.8,-10.7,-6.18,3.38,8.62,-47.5
6.71,-11.8,-10.7,-6.15,3.22,7.53,-47
6.72,-11.9,-10.7,-6.13,3.05,6.48,-46.6
6.72,-11.9,-10.7,-6.11,2.89,5.48,-46.2
6.72,-11.9,-10.6,-6.09,2.72,4.5,-45.9
6.73,-11.9,-10.6,-6.07,2.56,3.56,-45.6
6.73,-11.9,-10.6,-6.06,2.4,2.66,-45.4
6.74,-12,-10.6,-6.05,2.23,1.81,-45.3
6.74,-12,-10.6,-6.05,2.06,0.957,-45.2
6.74,-12,-10.6,-6.05,1.89,0.149,-45.2
6.75,-12,-10.6,-6.05,1.72,-0.618,-45.2
6.75,-12.1,-10.6,-6.05,1.55,-1.34,-45.3
6.75,-12.1,-10.6,-6.06,1.37,-2.06,-45.4
6.76,-12.1,-10.6,-6.07,1.19,-2.73,-45.6
6.76,-12.1,-10.6,-6.08,1.01,-3.36,-45.8
6.77,-12.2,-10.6,-6.09,0.829,-3.95,-46.1
6.77,-12.2,-10.6,-6.11,0.636,-4.53,-46.4
6.77,-12.2,-10.6,-6.13,0.442,-5.05,-46.8
6.78,-12.2,-10.6,-6.15,0.246,-5.53,-47.1
6.78,-12.3,-10.6,-6.18,0.0485,-5.96,-47.5
6.79,-12.3,-10.6,-6.21,-0.201,-6.43,-48
6.79,-12.3,-10.6,-6.24,-0.453,-6.82,-48.5
6.8,-12.4,-10.6,-6.28,-0.707,-7.12,-49
6.8,-12.4,-10.6,-6.32,-0.965,-7.33,-49.4
6.81,-12.4,-10.6,-6.35,-1.18,-7.44,-49.8
6.81,-12.4,-10.6,-6.38,-1.39,-7.49,-50.1
6.82,-12.5,-10.6,-6.41,-1.61,-7.47,-50.4
6.82,-12.5,-10.6,-6.45,-1.82,-7.38,-50.7
6.83,-12.5,-10.6,-6.48,-2.03,-7.24,-50.9
6.83,-12.6,-10.6,-6.51,-2.24,-7.03,-51.1
6.83,-12.6,-10.6,-6.53,-2.45,-6.75,-51.2
6.84,-12.6,-10.6,-6.56,-2.66,-6.41,-51.3
6.84,-12.6,-10.6,-6.59,-2.89,-5.98,-51.3
6.85,-12.7,-10.7,-6.61,-3.11,-5.48,-51.2
6.85,-12.7,-10.7,-6.64,-3.33,-4.9,-51.1
6.85,-12.7,-10.7,-6.66,-3.55,-4.24,-50.8
6.86,-12.8,-10.7,-6.67,-3.79,-3.43,-50.5
6.86,-12.8,-10.7,-6.69,-4.03,-2.52,-50.1
6.87,-12.8,-10.7,-6.7,-4.27,-1.53,-49.5
6.87,-12.8,-10.8,-6.7,-4.51,-0.449,-48.9
6.88,-12.9,-10.8,-6.7,-4.81,1.06,-47.9
6.89,-12.9,-10.8,-6.69,-5.1,2.7,-46.7
6.89,-13,-10.9,-6.67,-5.39,4.47,-45.4
6.9,-13,-10.9,-6.63,-5.66,6.34,-43.8
6.9,-13,-10.9,-6.59,-5.9,8.07,-42.4
6.91,-13.1,-11,-6.55,-6.12,9.88,-40.8
6.92,-13.1,-11,-6.49,-6.34,11.7,-39.1
6.92,-13.2,-11,-6.42,-6.55,13.6,-37.4
6.93,-13.2,-11.1,-6.35,-6.73,15.3,-35.7
6.93,-13.2,-11.1,-6.27,-6.89,17,-34.1
6.93,-13.2,-11.1,-6.19,-7.05,18.7,-32.4
6.94,-13.3,-11.2,-6.09,-7.2,20.4,-30.6
6.94,-13.3,-11.2,-6,-7.33,22.1,-28.9
6.95,-13.3,-11.2,-5.89,-7.46,23.7,-27.2
6.95,-13.4,-11.3,-5.78,-7.58,25.3,-25.5
6.96,-13.4,-11.3,-5.66,-7.7,26.9,-23.7
6.96,-13.4,-11.3,-5.53,-7.8,28.5,-22
6.97,-13.4,-11.4,-5.39,-7.9,30,-20.3
6.97,-13.5,-11.4,-5.25,-7.99,31.5,-18.6
6.98,-13.5,-11.4,-5.1,-8.08,32.9,-16.9
6.98,-13.5,-11.5,-4.95,-8.15,34.2,-15.4
6.99,-13.5,-11.5,-4.79,-8.22,35.5,-13.9
6.99,-13.5,-11.5,-4.63,-8.28,36.7,-12.5
6.99,-13.6,-11.6,-4.46,-8.33,37.8,-11.2
7,-13.6,-11.6,-4.28,-8.38,38.9,-9.9
7,-13.6,-11.7,-4.1,-8.42,39.8,-8.74
7.01,-13.6,-11.7,-3.92,-8.46,40.7,-7.67
7.01,-13.6,-11.7,-3.73,-8.49,41.6,-6.71
7.02,-13.7,-11.8,-3.53,-8.52,42.4,-5.83
7.02,-13.7,-11.8,-3.33,-8.55,43.1,-5.07
7.03,-13.7,-11.9,-3.12,-8.57,43.7,-4.45
7.03,-13.7,-11.9,-2.91,-8.59,44.3,-3.96
7.04,-13.7,-11.9,-2.68,-8.61,44.9,-3.6
7.04,-13.7,-12,-2.45,-8.63,45.4,-3.39
7.05,-13.7,-12,-2.21,-8.64,45.8,-3.36
7.05,-13.8,-12.1,-1.98,-8.66,46.2,-3.5
7.06,-13.8,-12.1,-1.74,-8.68,46.6,-3.82
7.06,-13.8,-12.2,-1.51,-8.7,46.9,-4.32
7.07,-13.8,-12.2,-1.27,-8.72,47.2,-5
7.07,-13.8,-12.3,-1.03,-8.75,47.6,-5.87
7.08,-13.8,-12.3,-0.881,-8.77,47.8,-6.48
7.08,-13.8,-12.3,-0.736,-8.79,48,-7.16
7.08,-13.8,-12.3,-0.59,-8.81,48.3,-7.92
7.09,-13.8,-12.4,-0.444,-8.84,48.5,-8.76
7.09,-13.8,-12.4,-0.296,-8.87,48.8,-9.67
7.09,-13.8,-12.4,-0.148,-8.9,49.1,-10.7
7.09,-13.8,-12.4,0.00114,-8.93,49.5,-11.7
7.1,-13.8,-12.5,0.151,-8.97,49.8,-12.9
7.1,-13.8,-12.5,0.29,-9.01,50.2,-14
7.1,-13.8,-12.5,0.429,-9.05,50.6,-15.3
7.11,-13.8,-12.5,0.57,-9.09,51.1,-16.6
7.11,-13.8,-12.6,0.711,-9.14,51.5,-18
7.11,-13.8,-12.6,0.842,-9.18,52,-19.3
7.11,-13.8,-12.6,0.973,-9.23,52.5,-20.7
7.12,-13.8,-12.6,1.11,-9.29,53.1,-22.2
7.12,-13.8,-12.7,1.24,-9.35,53.7,-23.8
7.12,-13.8,-12.7,1.37,-9.41,54.3,-25.4
7.12,-13.8,-12.7,1.5,-9.47,55,-27
7.13,-13.8,-12.7,1.64,-9.54,55.7,-28.8
7.13,-13.8,-12.8,1.77,-9.61,56.4,-30.6
7.13,-13.8,-12.8,1.91,-9.68,57.2,-32.5
7.13,-13.8,-12.8,2.04,-9.76,58,-34.4
7.14,-13.8,-12.8,2.18,-9.85,58.9,-36.4
7.14,-13.8,-12.8,2.33,-9.94,59.8,-38.6
7.14,-13.7,-12.9,2.47,-10,60.7,-40.7
