,code,name
0,SH.600011,华能国际
1,SH.600012,皖通高速
2,SH.600026,中远海能
3,SH.600029,南方航空
4,SH.600094,大名城
5,SH.600188,兖州煤业
6,SH.600190,锦州港
7,SH.600272,开开实业
8,SH.600295,鄂尔多斯
9,SH.600329,中新药业
10,SH.600332,白云山
11,SH.600377,宁沪高速
12,SH.600548,深高速
13,SH.600555,海航创新
14,SH.600585,海螺水泥
15,SH.600600,青岛啤酒
16,SH.600610,中毅达
17,SH.600611,大众交通
18,SH.600688,上海石化
19,SH.600726,华电能源
20,SH.600754,锦江股份
21,SH.600775,南京熊猫
22,SH.600776,东方通信
23,SH.600806,退市昆机
24,SH.600808,马钢股份
25,SH.600860,京城股份
27,SH.600874,创业环保
28,SH.600876,洛阳玻璃
29,SH.600908,XD无锡银
30,SH.600909,华安证券
31,SH.600919,江苏银行
32,SH.600926,杭州银行
33,SH.600936,广西广电
34,SH.600977,中国电影
35,SH.600996,贵广网络
36,SH.601020,华钰矿业
37,SH.601127,小康股份
38,SH.601128,常熟银行
39,SH.601163,三角轮胎
40,SH.601206,海尔施
41,SH.601229,上海银行
42,SH.601375,中原证券
43,SH.601500,通用股份
44,SH.601595,上海电影
45,SH.601611,中国核建
46,SH.601811,新华文轩
47,SH.601882,海天精工
48,SH.601900,南方传媒
49,SH.601966,玲珑轮胎
50,SH.601997,贵阳银行
51,SH.603007,花王股份
52,SH.603016,新宏泰
53,SH.603027,千禾味业
54,SH.603028,赛福天
55,SH.603029,天鹅股份
56,SH.603031,安德利
57,SH.603032,德新交运
58,SH.603033,三维股份
59,SH.603035,常熟汽饰
60,SH.603036,如通股份
61,SH.603037,凯众股份
62,SH.603058,永吉股份
63,SH.603060,国检集团
64,SH.603067,振华股份
65,SH.603069,海汽集团
66,SH.603090,宏盛股份
67,SH.603098,森特股份
68,SH.603101,汇嘉时代
69,SH.603131,上海沪工
70,SH.603159,上海亚虹
71,SH.603160,汇顶科技
72,SH.603186,华正新材
73,SH.603189,网达软件
74,SH.603203,快克股份
75,SH.603218,日月股份
76,SH.603228,景旺电子
77,SH.603239,浙江仙通
78,SH.603258,电魂网络
79,SH.603266,天龙股份
80,SH.603298,杭叉集团
81,SH.603299,井神股份
82,SH.603313,梦百合
83,SH.603319,湘油泵
84,SH.603322,超讯通信
85,SH.603323,吴江银行
86,SH.603336,宏辉果蔬
87,SH.603339,四方冷链
88,SH.603377,东方时尚
89,SH.603389,亚振家居
90,SH.603393,新天然气
91,SH.603398,邦宝益智
92,SH.603416,信捷电气
93,SH.603421,鼎信通讯
94,SH.603444,吉比特
95,SH.603508,思维列控
96,SH.603515,欧普照明
97,SH.603520,司太立
98,SH.603528,多伦科技
99,SH.603556,海兴电力
100,SH.603559,中通国脉
101,SH.603569,长久物流
102,SH.603577,汇金通
103,SH.603585,苏利股份
104,SH.603608,天创时尚
105,SH.603628,清源股份
106,SH.603633,徕木股份
107,SH.603658,安图生物
108,SH.603660,苏州科达
109,SH.603663,三祥新材
110,SH.603667,五洲新春
111,SH.603668,天马科技
112,SH.603689,皖天然气
113,SH.603696,安记食品
114,SH.603701,德宏股份
115,SH.603708,家家悦
116,SH.603716,塞力斯
117,SH.603726,朗迪集团
118,SH.603727,博迈科
119,SH.603737,三棵树
120,SH.603738,泰晶科技
121,SH.603777,来伊份
122,SH.603778,XD乾景园
123,SH.603779,威龙股份
124,SH.603798,康普顿
125,SH.603800,道森股份
126,SH.603816,顾家家居
127,SH.603819,神力股份
128,SH.603822,嘉澳环保
129,SH.603823,百合花
130,SH.603843,正平股份
131,SH.603858,步长制药
132,SH.603859,能科股份
133,SH.603861,白云电器
134,SH.603866,桃李面包
135,SH.603868,飞科电器
136,SH.603877,太平鸟
137,SH.603878,武进不锈
138,SH.603886,元祖股份
139,SH.603887,城地股份
140,SH.603888,新华网
141,SH.603900,莱绅通灵
142,SH.603909,合诚股份
143,SH.603919,金徽酒
144,SH.603928,兴业股份
145,SH.603929,亚翔集成
146,SH.603936,博敏电子
147,SH.603958,哈森股份
148,SH.603959,百利科技
149,SH.603977,国泰集团
150,SH.603986,兆易创新
151,SH.603987,康德莱
152,SH.603990,麦迪科技
153,SH.603996,中新科技
154,SH.603999,读者传媒
172,SH.600601,方正科技
173,SH.600602,云赛智联
174,SH.600651,飞乐音响
175,SH.600652,游久游戏
176,SH.600653,申华控股
178,SH.600603,广汇物流
179,SH.600604,市北高新
180,SH.600605,汇通能源
181,SH.600606,绿地控股
184,SH.600666,奥瑞德
185,SH.600609,金杯汽车
186,SH.600612,老凤祥
188,SH.600613,神奇制药
190,SH.600614,鹏起科技
192,SH.600655,豫园股份
193,SH.600615,丰华股份
194,SH.600616,金枫酒业
195,SH.600617,国新能源
197,SH.600618,氯碱化工
199,SH.600619,海立股份
201,SH.600620,天宸股份
202,SH.600621,华鑫股份
203,SH.600622,光大嘉宝
204,SH.600623,华谊集团
206,SH.600624,复旦复华
207,SH.600626,申达股份
208,SH.600628,新世界
209,SH.600629,华建集团
210,SH.600630,龙头股份
211,SH.600633,浙数文化
213,SH.600635,大众公用
214,SH.600636,三爱富
215,SH.600637,东方明珠
216,SH.600638,新黄浦
217,SH.600639,浦东金桥
219,SH.600640,号百控股
220,SH.600641,XD万业企
221,SH.600642,申能股份
222,SH.600643,爱建集团
223,SH.600644,乐山电力
224,SH.600645,中源协和
225,SH.600647,同达创业
226,SH.600648,外高桥
228,SH.600649,城投控股
229,SH.600657,信达地产
230,SH.600658,电子城
231,SH.600650,锦江投资
233,SH.600660,福耀玻璃
234,SH.600661,新南洋
235,SH.600662,强生控股
236,SH.600663,陆家嘴
238,SH.600664,哈药股份
239,SH.600665,天地源
240,SH.600667,太极实业
241,SH.600668,尖峰集团
242,SH.600671,天目药业
243,SH.600673,东阳光科
244,SH.600674,川投能源
245,SH.600675,中华企业
246,SH.600676,交运股份
247,SH.600677,航天通信
248,SH.600678,四川金顶
249,SH.600679,上海凤凰
252,SH.600681,百川能源
253,SH.600682,南京新百
255,SH.600683,京投发展
256,SH.600684,珠江实业
257,SH.600686,金龙汽车
258,SH.600687,刚泰控股
259,SH.600689,上海三毛
261,SH.600690,青岛海尔
262,SH.600691,阳煤化工
263,SH.600692,亚通股份
264,SH.600693,东百集团
265,SH.600694,大商股份
266,SH.600695,绿庭投资
269,SH.600697,欧亚集团
270,SH.600698,湖南天雁
271,SH.600699,均胜电子
272,SH.600800,天津磁卡
274,SH.600801,华新水泥
275,SH.600802,福建水泥
276,SH.600803,新奥股份
277,SH.600804,鹏博士
278,SH.600805,悦达投资
281,SH.600809,山西汾酒
282,SH.600810,神马股份
283,SH.600811,东方集团
284,SH.600812,华北制药
285,SH.600814,杭州解百
286,SH.600815,厦工股份
287,SH.600816,安信信托
289,SH.600818,中路股份
290,SH.600819,耀皮玻璃
291,SH.600820,隧道股份
292,SH.600821,津劝业
295,SH.600822,上海物贸
296,SH.600823,世茂股份
297,SH.600824,益民集团
298,SH.600825,新华传媒
299,SH.600826,兰生股份
300,SH.600827,百联股份
303,SH.600828,茂业商业
304,SH.600829,人民同泰
305,SH.600830,香溢融通
306,SH.600831,广电网络
307,SH.600833,第一医药
308,SH.600834,申通地铁
309,SH.600835,上海机电
310,SH.600836,界龙实业
311,SH.600837,海通证券
312,SH.600838,上海九百
314,SH.600839,四川长虹
315,SH.600841,上柴股份
316,SH.600843,上工申贝
317,SH.600844,丹化科技
318,SH.600845,宝信软件
319,SH.600846,同济科技
324,SH.600847,万里股份
325,SH.600848,上海临港
326,SH.600850,华东电脑
327,SH.601607,上海医药
329,SH.600851,海欣股份
330,SH.600853,龙建股份
332,SH.600854,春兰股份
333,SH.600855,航天长峰
334,SH.600856,中天能源
335,SH.600857,宁波中百
336,SH.600858,银座股份
337,SH.600859,王府井
338,SH.600861,北京城乡
339,SH.600862,中航高科
340,SH.600863,内蒙华电
341,SH.600864,哈投股份
342,SH.600865,百大集团
343,SH.600866,星湖科技
344,SH.600867,通化东宝
345,SH.600868,梅雁吉祥
346,SH.600872,中炬高新
347,SH.600869,智慧能源
348,SH.600873,梅花生物
351,SH.600879,航天电子
352,SH.600880,博瑞传播
353,SH.600881,亚泰集团
354,SH.600882,广泽股份
355,SH.600883,博闻科技
356,SH.600886,国投电力
357,SH.600884,杉杉股份
358,SH.600885,宏发股份
359,SH.600888,新疆众和
360,SH.600889,南京化纤
361,SH.600887,伊利股份
362,SH.600892,大晟文化
363,SH.600890,中房股份
364,SH.600891,秋林集团
365,SH.600894,广日股份
366,SH.600893,航发动力
367,SH.600898,国美通讯
368,SH.600895,张江高科
370,SH.600705,中航资本
371,SH.600706,曲江文旅
372,SH.600707,彩虹股份
373,SH.600702,舍得酒业
375,SH.600703,三安光电
376,SH.600711,盛屯矿业
377,SH.600897,厦门空港
378,SH.600704,物产中大
379,SH.600708,光明地产
380,SH.600714,金瑞矿业
381,SH.600717,天津港
382,SH.600718,东软集团
383,SH.600712,南宁百货
384,SH.600721,百花村
385,SH.600722,金牛化工
386,SH.600710,苏美达
387,SH.600713,南京医药
388,SH.600715,文投控股
389,SH.600716,凤凰股份
391,SH.600727,鲁北化工
392,SH.600729,重庆百货
393,SH.600719,大连热电
394,SH.600720,祁连山
395,SH.600723,首商股份
396,SH.600724,宁波富达
397,SH.600728,佳都科技
398,SH.600730,中国高科
399,SH.600735,新华锦
400,SH.600737,中粮糖业
401,SH.600731,湖南海利
402,SH.600738,兰州民百
403,SH.600734,实达集团
404,SH.600740,山西焦化
405,SH.600736,苏州高新
408,SH.600739,辽宁成大
409,SH.600741,华域汽车
410,SH.600742,一汽富维
411,SH.600745,闻泰科技
412,SH.600744,华银电力
413,SH.600743,XD华远地
414,SH.600751,海航科技
417,SH.600746,江苏索普
418,SH.600750,江中药业
419,SH.600756,浪潮软件
420,SH.600748,上实发展
421,SH.600753,东方银星
422,SH.600755,厦门国贸
423,SH.600757,长江传媒
424,SH.600759,洲际油气
425,SH.600761,安徽合力
426,SH.600760,中航沈飞
428,SH.600766,园城黄金
429,SH.600758,红阳能源
430,SH.600763,通策医疗
431,SH.600769,祥龙电业
432,SH.600764,中国海防
433,SH.600771,广誉远
434,SH.600765,中航重机
435,SH.600773,西藏城投
436,SH.600774,DR汉商集
437,SH.600768,宁波富邦
439,SH.600770,综艺股份
440,SH.600777,新潮能源
442,SH.600780,通宝能源
443,SH.600779,水井坊
444,SH.600781,辅仁药业
445,SH.600782,新钢股份
446,SH.600783,鲁信创投
447,SH.600784,鲁银投资
448,SH.600785,新华百货
449,SH.600787,中储股份
450,SH.600792,云煤能源
451,SH.600791,京能置业
452,SH.600793,宜宾纸业
453,SH.600789,鲁抗医药
454,SH.600790,轻纺城
455,SH.600794,保税科技
456,SH.600795,国电电力
457,SH.600796,钱江生化
458,SH.600051,宁波联合
459,SH.600052,浙江广厦
460,SH.600053,九鼎投资
461,SH.600797,浙大网新
462,SH.600060,海信电器
463,SH.600798,宁波海运
464,SH.600069,银鸽投资
465,SH.600064,南京高科
466,SH.600066,宇通客车
467,SH.600067,冠城大通
468,SH.600056,中国医药
469,SH.600059,古越龙山
470,SH.600055,万东医疗
471,SH.600061,国投资本
472,SH.600077,宋都股份
473,SH.600062,华润双鹤
474,SH.600068,葛洲坝
475,SH.600076,康欣新材
476,SH.600058,五矿发展
477,SH.600063,皖维高新
478,SH.600071,凤凰光学
479,SH.600072,中船科技
480,SH.600057,厦门象屿
481,SH.600070,浙江富润
482,SH.600079,人福医药
483,SH.600083,博信股份
484,SH.600086,东方金钰
485,SH.600080,金花股份
486,SH.600088,中视传媒
487,SH.600090,同济堂
488,SH.600075,新疆天业
489,SH.600089,特变电工
490,SH.600106,重庆路桥
491,SH.600097,开创国际
492,SH.600082,海泰发展
494,SH.600085,同仁堂
495,SH.600093,易见股份
496,SH.600078,澄星股份
497,SH.600100,同方股份
498,SH.600101,明星电力
499,SH.600081,东风科技
500,SH.600103,青山纸业
501,SH.600073,上海梅林
503,SH.600099,林海股份
504,SH.600095,哈高科
505,SH.600096,云天化
506,SH.600084,中葡股份
507,SH.600098,广州发展
508,SH.600116,三峡水利
509,SH.600109,国金证券
510,SH.600108,亚盛集团
511,SH.600128,弘业股份
512,SH.600118,中国卫星
513,SH.600111,北方稀土
514,SH.600105,永鼎股份
515,SH.600110,诺德股份
516,SH.600117,西宁特钢
517,SH.600113,浙江东日
518,SH.600132,重庆啤酒
519,SH.600115,东方航空
520,SH.600107,美尔雅
521,SH.600129,太极集团
522,SH.600104,上汽集团
523,SH.600112,天成控股
524,SH.600120,浙江东方
525,SH.600138,中青旅
526,SH.600121,郑州煤电
527,SH.600119,长江投资
528,SH.600135,乐凯胶片
529,SH.600133,XD东湖高
530,SH.600009,上海机场
531,SH.600139,西部资源
532,SH.600136,当代明诚
533,SH.600126,杭钢股份
534,SH.600158,中体产业
535,SH.600131,岷江水电
536,SH.600137,浪莎股份
537,SH.600122,宏图高科
538,SH.600168,武汉控股
539,SH.600127,金健米业
540,SH.600125,铁龙物流
541,SH.600157,永泰能源
542,SH.600148,长春一东
544,SH.600159,大龙地产
545,SH.600156,华升股份
546,SH.600165,新日恒力
547,SH.600163,中闽能源
548,SH.600166,福田汽车
549,SH.600151,航天机电
550,SH.600152,维科精华
551,SH.600162,香江控股
552,SH.600153,建发股份
553,SH.600161,天坛生物
554,SH.600170,上海建工
555,SH.600160,巨化股份
556,SH.600180,瑞茂通
557,SH.600196,复星医药
558,SH.600199,金种子酒
559,SH.600186,莲花健康
560,SH.600169,太原重工
561,SH.600155,宝硕股份
562,SH.600171,上海贝岭
563,SH.600189,吉林森工
564,SH.600178,东安动力
566,SH.600183,生益科技
567,SH.600179,安通控股
568,SH.600187,国中水务
569,SH.600177,雅戈尔
570,SH.600172,黄河旋风
571,SH.600218,全柴动力
572,SH.600191,华资实业
573,SH.600123,兰花科创
574,SH.600192,长城电工
575,SH.600195,中牧股份
576,SH.600201,生物股份
578,SH.600167,联美控股
579,SH.600266,北京城建
580,SH.600007,中国国贸
581,SH.600206,有研新材
583,SH.600200,江苏吴中
584,SH.600175,美都能源
585,SH.600173,卧龙地产
586,SH.600176,中国巨石
587,SH.600359,新农开发
588,SH.600182,S佳通
589,SH.600203,福日电子
592,SH.600185,格力地产
593,SH.600141,兴发集团
594,SH.600208,新湖中宝
595,SH.600146,商赢环球
596,SH.600207,安彩高科
597,SH.600211,西藏药业
598,SH.600006,东风汽车
599,SH.600212,江泉实业
600,SH.600210,紫江企业
601,SH.600213,亚星客车
602,SH.600215,长春经开
603,SH.600197,伊力特
605,SH.600220,江苏阳光
607,SH.600216,浙江医药
608,SH.600222,太龙药业
609,SH.600000,浦发银行
610,SH.600226,瀚叶股份
611,SH.600268,国电南自
612,SH.600239,云南城投
613,SH.600217,中再资环
614,SH.600219,南山铝业
615,SH.600223,鲁商置业
617,SH.600225,天津松江
618,SH.600227,赤天化
619,SH.600500,中化国际
620,SH.600229,城市传媒
621,SH.600236,桂冠电力
622,SH.600230,沧州大化
623,SH.600299,安迪苏
624,SH.600008,首创股份
625,SH.600231,凌钢股份
626,SH.600269,赣粤高速
627,SH.600259,广晟有色
628,SH.600256,广汇能源
629,SH.600258,首旅酒店
630,SH.600232,金鹰股份
631,SH.600233,圆通速递
632,SH.600237,铜峰电子
633,SH.600257,大湖股份
635,SH.600235,民丰特纸
636,SH.600248,延长化建
637,SH.600240,华业资本
638,SH.600262,北方股份
639,SH.600300,维维股份
640,SH.600130,波导股份
641,SH.600260,凯乐科技
642,SH.600278,东方创业
644,SH.600261,阳光照明
646,SH.600267,海正药业
647,SH.600277,亿利洁能
648,SH.600279,重庆港九
649,SH.600291,西水股份
651,SH.600298,安琪酵母
653,SH.600287,江苏舜天
654,SH.600282,南钢股份
655,SH.600293,三峡新材
656,SH.600246,万通地产
657,SH.600358,国旅联合
658,SH.600280,中央商场
659,SH.600308,华泰股份
660,SH.600276,恒瑞医药
661,SH.600283,钱江水利
662,SH.600285,羚锐制药
663,SH.600366,宁波韵升
664,SH.600292,远达环保
665,SH.600290,华仪电气
666,SH.600281,太化股份
667,SH.600297,广汇汽车
668,SH.600243,青海华鼎
669,SH.600255,梦舟股份
671,SH.600337,美克家居
672,SH.600241,时代万恒
673,SH.600288,大恒科技
674,SH.600252,中恒集团
675,SH.600422,昆药集团
676,SH.600242,中昌数据
677,SH.600318,新力金融
678,SH.600333,长春燃气
679,SH.600019,宝钢股份
680,SH.600302,标准股份
681,SH.600316,洪都航空
682,SH.600038,中直股份
683,SH.600016,民生银行
684,SH.600307,酒钢宏兴
685,SH.600368,五洲交通
686,SH.600328,兰太实业
687,SH.600345,长江通信
688,SH.600323,瀚蓝环境
689,SH.600339,中油工程
690,SH.600303,曙光股份
691,SH.600306,商业城
692,SH.600338,西藏珠峰
693,SH.600270,外运发展
694,SH.600398,海澜之家
695,SH.600336,澳柯玛
696,SH.600388,龙净环保
697,SH.600399,抚顺特钢
698,SH.600309,万华化学
699,SH.600400,红豆股份
700,SH.600369,西南证券
701,SH.600389,江山股份
702,SH.600378,天科股份
703,SH.600365,通葡股份
704,SH.600390,五矿资本
705,SH.600326,西藏天路
706,SH.600330,天通股份
707,SH.600382,广东明珠
708,SH.600313,农发种业
709,SH.600305,恒顺醋业
710,SH.600037,歌华有线
711,SH.600033,福建高速
712,SH.600466,蓝光发展
713,SH.600386,北巴传媒
714,SH.600312,平高电气
715,SH.600558,大西洋
716,SH.600310,桂东电力
717,SH.600550,保变电气
718,SH.600335,国机汽车
719,SH.600250,南纺股份
720,SH.600010,包钢股份
721,SH.600376,首开股份
722,SH.600315,上海家化
723,SH.600360,华微电子
724,SH.600393,粤泰股份
725,SH.600518,康美药业
726,SH.600367,红星发展
727,SH.600319,亚星化学
728,SH.600396,金山股份
729,SH.600363,联创光电
730,SH.600383,金地集团
731,SH.600356,恒丰纸业
732,SH.600381,青海春天
733,SH.600568,中珠医疗
734,SH.600588,用友网络
736,SH.600528,中铁工业
737,SH.600395,盘江股份
738,SH.600380,健康元
739,SH.600589,广东榕泰
740,SH.600468,百利电气
741,SH.600501,航天晨光
742,SH.600488,天药股份
743,SH.600311,荣华实业
744,SH.600419,天润乳业
745,SH.600530,交大昂立
746,SH.600372,中航电子
747,SH.600385,山东金泰
749,SH.600346,恒力股份
750,SH.600569,安阳钢铁
751,SH.600566,济川药业
752,SH.600498,烽火通信
753,SH.600418,江淮汽车
755,SH.600519,贵州茅台
756,SH.600599,熊猫金控
757,SH.600508,上海能源
758,SH.600448,华纺股份
759,SH.600596,新安股份
760,SH.600322,天房发展
761,SH.600361,华联综超
762,SH.600391,航发科技
763,SH.600567,山鹰纸业
764,SH.600331,宏达股份
765,SH.600506,香梨股份
766,SH.600523,贵航股份
767,SH.600520,文一科技
768,SH.600379,宝光股份
769,SH.600317,营口港
770,SH.600583,XD海油工
771,SH.600509,天富能源
772,SH.600373,中文传媒
773,SH.600350,山东高速
774,SH.600533,栖霞建设
775,SH.600598,北大荒
776,SH.600036,招商银行
777,SH.600456,宝钛股份
778,SH.600428,中远海特
779,SH.600486,XD扬农化
780,SH.600415,小商品城
781,SH.600578,京能电力
782,SH.600582,天地科技
783,SH.600536,中国软件
784,SH.600505,西昌电力
785,SH.600529,山东药玻
786,SH.600496,精工钢构
787,SH.600580,卧龙电气
788,SH.600355,精伦电子
789,SH.600510,黑牡丹
790,SH.600426,华鲁恒升
791,SH.600327,大东方
792,SH.600595,中孚实业
794,SH.600590,泰豪科技
795,SH.600503,华丽家族
796,SH.600593,大连圣亚
797,SH.600561,江西长运
798,SH.600416,湘电股份
799,SH.600526,菲达环保
800,SH.600565,迪马股份
801,SH.600531,豫光金铅
802,SH.600592,龙溪股份
803,SH.600515,海航基础
804,SH.600579,天华院
805,SH.600586,金晶科技
806,SH.600581,八一钢铁
807,SH.600535,DR天士力
808,SH.600597,光明乳业
809,SH.600516,方大炭素
810,SH.600551,时代出版
811,SH.600577,精达股份
812,SH.600371,万向德农
813,SH.600557,康缘药业
814,SH.600560,金自天正
815,SH.600351,亚宝药业
816,SH.600587,新华医疗
817,SH.600050,中国联通
818,SH.600499,科达洁能
819,SH.600522,中天科技
820,SH.600559,DR老白干
821,SH.600532,宏达矿业
822,SH.600571,信雅达
823,SH.600549,厦门钨业
824,SH.600552,凯盛科技
825,SH.600353,旭光股份
826,SH.600511,国药股份
827,SH.600525,长园集团
828,SH.600563,法拉电子
829,SH.600458,时代新材
830,SH.600512,腾达建设
831,SH.600030,中信证券
832,SH.600538,国发股份
833,SH.600537,亿晶光电
834,SH.600562,国睿科技
836,SH.600576,祥源文化
837,SH.600573,惠泉啤酒
838,SH.600521,华海药业
839,SH.600370,三房巷
840,SH.600460,士兰微
841,SH.600513,联环药业
842,SH.600039,四川路桥
843,SH.600575,皖江物流
844,SH.600375,华菱星马
845,SH.600343,航天动力
846,SH.600502,安徽水利
847,SH.600481,双良节能
848,SH.600004,白云机场
849,SH.600459,贵研铂业
850,SH.600392,盛和资源
851,SH.600584,长电科技
852,SH.600251,冠农股份
853,SH.600436,片仔癀
854,SH.600409,三友化工
855,SH.600433,冠豪高新
856,SH.600490,鹏欣资源
857,SH.600273,嘉化能源
858,SH.600031,三一重工
859,SH.600435,北方导航
860,SH.600439,瑞贝卡
861,SH.600271,航天信息
863,SH.600475,华光股份
864,SH.600425,青松建化
865,SH.600546,山煤国际
866,SH.600352,浙江龙盛
867,SH.600485,信威集团
868,SH.600020,中原高速
869,SH.600489,中金黄金
870,SH.600480,凌云股份
871,SH.600348,阳泉煤业
872,SH.600487,亨通光电
873,SH.600547,山东黄金
874,SH.600449,宁夏建材
875,SH.600462,九有股份
876,SH.600432,退市吉恩
877,SH.600015,华夏银行
878,SH.600429,三元股份
879,SH.600478,科力远
881,SH.600507,方大特钢
882,SH.600403,大有能源
883,SH.600517,置信电气
884,SH.600406,国电南瑞
885,SH.600469,风神股份
886,SH.600021,上海电力
887,SH.600184,光电股份
888,SH.600477,杭萧钢构
889,SH.600900,长江电力
890,SH.600527,江南高纤
891,SH.600545,卓郎智能
892,SH.600476,湘邮科技
893,SH.600570,恒生电子
894,SH.600446,金证股份
895,SH.600340,华夏幸福
896,SH.600540,新赛股份
897,SH.600354,敦煌种业
898,SH.600249,两面针
899,SH.600387,海越股份
900,SH.600444,国机通用
901,SH.600325,华发股份
902,SH.600438,通威股份
903,SH.600452,涪陵电力
904,SH.600470,六国化工
905,SH.600035,楚天高速
906,SH.600479,千金药业
907,SH.600284,浦东建设
908,SH.600463,空港股份
909,SH.600594,益佰制药
910,SH.600543,莫高股份
911,SH.600455,博通股份
912,SH.600405,动力源
913,SH.600467,好当家
914,SH.600960,渤海活塞
915,SH.600969,郴电国际
916,SH.600572,康恩贝
917,SH.600988,赤峰黄金
918,SH.600976,健民集团
919,SH.600497,驰宏锌锗
920,SH.600493,凤竹纺织
921,SH.600986,科达股份
922,SH.600410,华胜天成
923,SH.600985,雷鸣科化
924,SH.600990,四创电子
925,SH.600114,东睦股份
926,SH.600980,北矿科技
927,SH.600992,贵绳股份
928,SH.600993,马应龙
929,SH.600967,内蒙一机
930,SH.600491,龙元建设
931,SH.600963,岳阳林纸
932,SH.600495,晋西车轴
933,SH.600483,福能股份
934,SH.600461,洪城水业
935,SH.600997,开滦股份
937,SH.600966,博汇纸业
938,SH.600975,新五丰
939,SH.600995,文山电力
940,SH.600420,现代制药
941,SH.600962,国投中鲁
942,SH.600143,金发科技
943,SH.600022,山东钢铁
944,SH.600981,汇鸿集团
945,SH.600982,宁波热电
946,SH.600984,建设机械
947,SH.600965,福成股份
948,SH.600482,中国动力
949,SH.600983,惠而浦
950,SH.600973,宝胜股份
951,SH.600987,航民股份
952,SH.600971,恒源煤电
953,SH.600978,宜华生活
954,SH.600961,株冶集团
955,SH.600979,广安爱众
956,SH.600970,中材国际
957,SH.601001,大同煤业
958,SH.600221,海航控股
960,SH.600048,保利地产
961,SH.601006,大秦铁路
962,SH.601111,中国国航
963,SH.601699,潞安环能
964,SH.601588,北辰实业
965,SH.600017,日照港
966,SH.600018,上港集团
967,SH.601398,工商银行
968,SH.601666,平煤股份
969,SH.601872,招商轮船
970,SH.601991,大唐发电
971,SH.601333,广深铁路
972,SH.601628,中国人寿
973,SH.601002,晋亿实业
974,SH.601166,兴业银行
975,SH.601003,柳钢股份
976,SH.601005,重庆钢铁
977,SH.601318,中国平安
978,SH.601007,金陵饭店
979,SH.601008,连云港
980,SH.601998,中信银行
981,SH.601600,中国铝业
982,SH.601328,交通银行
983,SH.601919,中远海控
984,SH.601168,西部矿业
985,SH.601009,南京银行
986,SH.600054,黄山旅游
988,SH.601169,北京银行
989,SH.600362,江西铜业
990,SH.601088,中国神华
991,SH.600320,振华重工
993,SH.601857,中国石油
994,SH.600875,东方电气
995,SH.601390,中国中铁
996,SH.601866,中远海发
997,SH.601918,新集能源
998,SH.601999,出版传媒
999,SH.601099,太平洋
1000,SH.601898,中煤能源
1001,SH.601186,中国铁建
1002,SH.601958,金钼股份
1003,SH.601899,紫金矿业
1004,SH.601766,中国中车
1005,SH.601727,上海电气
1006,SH.601107,四川成渝
1007,SH.601668,中国建筑
1008,SH.601788,光大证券
1009,SH.601618,中国中冶
1010,SH.601888,中国国旅
1011,SH.600999,招商证券
1012,SH.601989,中国重工
1013,SH.601139,深圳燃气
1014,SH.601117,中国化学
1015,SH.601801,皖新传媒
1016,SH.601877,正泰电器
1017,SH.601179,中国西电
1018,SH.601106,中国一重
1019,SH.601678,滨化股份
1020,SH.601688,华泰证券
1021,SH.601188,龙江交通
1022,SH.601518,吉林高速
1023,SH.601158,重庆水务
1024,SH.601101,昊华能源
1025,SH.601369,陕鼓动力
1026,SH.601000,唐山港
1027,SH.601718,际华集团
1028,SH.601018,宁波港
1029,SH.601177,杭齿前进
1030,SH.601377,兴业证券
1031,SH.601098,中南传媒
1032,SH.600998,九州通
1033,SH.601988,中国银行
1034,SH.601939,建设银行
1035,SH.601777,力帆股份
1036,SH.601880,大连港
1037,SH.601933,永辉超市
1038,SH.601890,亚星锚链
1039,SH.601126,四方股份
1040,SH.601118,海南橡胶
1042,SH.601700,风范股份
1043,SH.601137,博威合金
1044,SH.601519,大智慧
1045,SH.601616,广电电气
1046,SH.601799,星宇股份
1047,SH.601216,君正集团
1048,SH.601992,金隅集团
1049,SH.601116,三江购物
1050,SH.601011,宝泰隆
1051,SH.601199,江南水务
1052,SH.601258,庞大集团
1053,SH.601218,吉鑫科技
1054,SH.601113,华鼎股份
1055,SH.601233,桐昆股份
1056,SH.601208,东材科技
1057,SH.601599,鹿港文化
1058,SH.601566,九牧王
1059,SH.601311,骆驼股份
1060,SH.601010,文峰股份
1061,SH.601567,三星医疗
1062,SH.601058,赛轮金宇
1063,SH.601288,农业银行
1064,SH.601222,林洋能源
1065,SH.601901,方正证券
1066,SH.601636,旗滨集团
1067,SH.601789,宁波建工
1068,SH.601886,江河集团
1069,SH.601908,京运通
1070,SH.601677,明泰铝业
1071,SH.601633,长城汽车
1072,SH.601996,丰林集团
1073,SH.601669,中国电建
1074,SH.601100,恒立液压
1075,SH.601028,玉龙股份
1076,SH.601928,凤凰传媒
1077,SH.601555,东吴证券
1078,SH.601336,新华保险
1079,SH.601313,江南嘉捷
1080,SH.601515,东风股份
1081,SH.601231,环旭电子
1082,SH.601929,吉视传媒
1083,SH.601800,中国交建
1084,SH.601238,广汽集团
1085,SH.601012,隆基股份
1086,SH.601388,怡球资源
1087,SH.603001,奥康国际
1088,SH.603000,人民网
1089,SH.603123,XD翠微股
1090,SH.603333,明星电缆
1091,SH.603002,宏昌电子
1092,SH.603366,日出东方
1093,SH.603128,华贸物流
1094,SH.601965,中国汽研
1095,SH.601339,百隆东方
1096,SH.601608,中信重工
1097,SH.603008,喜临门
1098,SH.603077,和邦生物
1099,SH.601038,一拖股份
1101,SH.603766,隆鑫通用
1102,SH.603003,龙宇燃油
1103,SH.603399,吉翔股份
1104,SH.603167,渤海轮渡
1105,SH.603993,洛阳钼业
1106,SH.601601,中国太保
1107,SH.601717,郑煤机
1108,SH.600028,XD中国石
1109,SH.600023,浙能电力
1110,SH.601808,中海油服
1111,SH.601818,光大银行
1112,SH.603699,纽威股份
1113,SH.603308,应流股份
1114,SH.603555,贵人鸟
1115,SH.601225,陕西煤业
1117,SH.603005,晶方科技
1118,SH.600685,中船防务
1119,SH.603288,海天味业
1120,SH.603006,联明股份
1121,SH.603328,依顿电子
1122,SH.603168,莎普爱思
1123,SH.603369,今世缘
1124,SH.603009,北特科技
1125,SH.600027,华电国际
1126,SH.603126,中材节能
1127,SH.603111,康尼机电
1128,SH.603100,川仪股份
1129,SH.603609,禾丰牧业
1130,SH.603099,长白山
1131,SH.601579,会稽山
1132,SH.603806,福斯特
1133,SH.603188,亚邦股份
1134,SH.603306,华懋科技
1135,SH.601016,节能风电
1136,SH.600917,重庆燃气
1137,SH.603169,兰石重装
1138,SH.603010,万盛股份
1139,SH.603456,九洲药业
1140,SH.603018,中设集团
1141,SH.603606,东方电缆
1142,SH.603688,石英股份
1143,SH.603988,中电电机
1144,SH.601015,陕西黑猫
1145,SH.603019,中科曙光
1146,SH.603011,合锻智能
1147,SH.603088,宁波精达
1148,SH.603166,福达股份
1149,SH.603518,维格娜丝
1150,SH.603368,柳州医药
1151,SH.603998,方盛制药
1152,SH.601969,海南矿业
1153,SH.601226,华电重工
1154,SH.603588,高能环境
1155,SH.603636,南威软件
1156,SH.603017,中衡设计
1157,SH.603889,新澳股份
1158,SH.603788,宁波高发
1159,SH.601021,春秋航空
1160,SH.601069,西部黄金
1161,SH.603601,再升科技
1162,SH.603600,永艺股份
1163,SH.603678,火炬电子
1164,SH.603686,龙马环卫
1165,SH.603558,健盛集团
1166,SH.603899,晨光文具
1167,SH.603611,诺力股份
1168,SH.603698,航天工程
1169,SH.603799,华友钴业
1170,SH.603222,济民制药
1171,SH.603618,杭电股份
1172,SH.603898,好莱客
1173,SH.603939,益丰药房
1174,SH.603118,共进股份
1175,SH.601198,东兴证券
1176,SH.603828,柯利达
1177,SH.603969,银龙股份
1178,SH.603309,维力医疗
1179,SH.603997,继峰股份
1180,SH.603015,XD弘讯科
1181,SH.601689,拓普集团
1182,SH.603268,松发股份
1183,SH.603519,立霸股份
1184,SH.603012,创力集团
1185,SH.603030,全筑股份
1186,SH.603158,腾龙股份
1187,SH.600958,东方证券
1188,SH.603729,龙韵股份
1189,SH.603020,爱普股份
1190,SH.603338,浙江鼎力
1191,SH.603199,九华旅游
1192,SH.603869,北部湾旅
1193,SH.603025,大豪科技
1194,SH.603808,歌力思
1195,SH.603818,曲美家居
1196,SH.603021,山东华鹏
1197,SH.603703,XD盛洋科
1198,SH.603883,老百姓
1199,SH.603315,福鞍股份
1200,SH.603318,派思股份
1201,SH.603567,珍宝岛
1202,SH.603789,星光农机
1203,SH.600959,江苏有线
1204,SH.603355,莱克电气
1205,SH.603599,广信股份
1206,SH.603227,雪峰科技
1207,SH.603718,海利生物
1208,SH.603989,艾华集团
1209,SH.603022,新通联
1210,SH.603311,金海环境
1211,SH.603566,XD普莱柯
1212,SH.603968,醋化股份
1213,SH.603023,威帝股份
1214,SH.603108,润达医疗
1215,SH.603598,引力传媒
1216,SH.603885,吉祥航空
1217,SH.603198,迎驾贡酒
1218,SH.603568,伟明环保
1219,SH.603669,灵康药业
1220,SH.603918,金桥信息
1221,SH.603026,石大胜华
1222,SH.603300,华铁科技
1223,SH.603901,永创智能
1224,SH.601985,中国核电
1225,SH.601968,宝钢包装
1226,SH.603066,音飞储存
1227,SH.603616,韩建河山
1228,SH.601368,绿城水务
1229,SH.601211,国泰君安
1230,SH.603116,红蜻蜓
1231,SH.603117,万林股份
1232,SH.603589,口子窖
1233,SH.603085,天成自控
1234,SH.603223,恒通股份
1235,SH.603979,金诚信
1236,SH.603838,四通股份
1237,SH.601155,新城控股
1238,SH.603639,海利尔
1239,SH.603690,至纯科技
1240,SH.601881,中国银河
1241,SH.603165,荣晟环保
1242,SH.603579,荣泰健康
1243,SH.601212,白银有色
1244,SH.601858,中国科传
1245,SH.603039,泛微网络
1246,SH.603337,杰克股份
1247,SH.603038,华立股份
1248,SH.603638,艾迪精密
1249,SH.603966,法兰泰克
1250,SH.603358,华达科技
1251,SH.603089,正裕工业
1252,SH.603360,百傲化学
1253,SH.603881,数据港
1254,SH.603177,德创环保
1255,SH.603429,DR集友股
1256,SH.600939,重庆建工
1257,SH.603637,镇海股份
1258,SH.603626,科森科技
1259,SH.603208,江山欧派
1260,SH.603677,奇精机械
1261,SH.603839,安正时尚
1262,SH.603615,茶花股份
1263,SH.603040,新坐标
1264,SH.603330,上海天洋
1265,SH.603603,博天环境
1266,SH.603817,海峡环保
1267,SH.603955,大千生态
1268,SH.603345,安井食品
1269,SH.603238,诺邦股份
1270,SH.603138,海量数据
1271,SH.603388,元成股份
1272,SH.603578,三星新材
1273,SH.603768,常青股份
1274,SH.603178,圣龙股份
1275,SH.603717,天域生态
1276,SH.603630,拉芳家化
1277,SH.603665,康隆达
1278,SH.603908,牧高笛
1279,SH.603903,中持股份
1280,SH.603991,至正股份
1281,SH.603811,诚意药业
1282,SH.603179,新泉股份
1283,SH.603517,绝味食品
1284,SH.603133,碳元科技
1285,SH.603960,克来机电
1286,SH.603656,泰禾光电
1287,SH.603833,欧派家居
1288,SH.601228,广州港
1289,SH.603041,美思德
1290,SH.603303,得邦照明
1291,SH.603385,惠达卫浴
1292,SH.603586,金麒麟
1293,SH.603906,龙蟠科技
1294,SH.603538,美诺华
1295,SH.601366,利群股份
1296,SH.603797,联泰环保
1297,SH.603826,坤彩科技
1298,SH.603050,科林电气
1299,SH.603078,江化微
1300,SH.603139,康惠制药
1301,SH.603225,新凤鸣
1302,SH.603926,铁流股份
1303,SH.603081,大丰实业
1304,SH.603803,瑞斯康达
1305,SH.601200,上海环境
1306,SH.603096,新经典
1307,SH.603920,世运电路
1308,SH.603232,格尔软件
1309,SH.603787,新日股份
1310,SH.603320,迪贝电气
1311,SH.603501,韦尔股份
1312,SH.603505,金石资源
1313,SH.603229,奥翔药业
1314,SH.603728,鸣志电器
1315,SH.603896,寿仙谷
1316,SH.603113,金能科技
1317,SH.603985,恒润股份
1318,SH.601952,苏垦农发
1319,SH.603488,展鹏科技
1320,SH.603269,海鸥股份
1321,SH.603758,秦安股份
1322,SH.603086,先达股份
1323,SH.603180,金牌厨柜
1324,SH.603776,永安行
1325,SH.603197,保隆科技
1326,SH.603383,DR顶点软
1327,SH.603680,今创集团
1328,SH.603767,中马传动
1329,SH.603855,华荣股份
1330,SH.603196,日播时尚
1331,SH.603316,诚邦股份
1332,SH.603326,我乐家居
1333,SH.603042,华脉科技
1334,SH.603580,艾艾精工
1335,SH.603286,日盈电子
1336,SH.601878,浙商证券
1337,SH.603200,上海洗霸
1338,SH.603496,恒为科技
1339,SH.603536,惠发股份
1340,SH.603587,地素时尚
1341,SH.603879,永悦科技
1342,SH.603226,菲林格尔
1343,SH.603980,吉华集团
1344,SH.603679,华体科技
1345,SH.603335,迪生力
1346,SH.603380,易德龙
1347,SH.603043,广州酒家
1348,SH.603938,三孚股份
1349,SH.603617,君禾股份
1350,SH.603801,志邦股份
1351,SH.603331,百达精工
1352,SH.603933,睿能科技
1353,SH.603305,旭升股份
1354,SH.603730,岱美股份
1355,SH.603757,大元泵业
1356,SH.603595,东尼电子
1357,SH.603387,基蛋生物
1358,SH.603612,索通发展
1359,SH.603707,健友股份
1360,SH.601619,嘉泽新能
1361,SH.603676,卫信康
1362,SH.601326,秦港股份
1363,SH.603063,禾望电气
1364,SH.603233,大参林
1365,SH.603357,设计总院
1366,SH.603825,华扬联众
1367,SH.603880,南卫股份
1368,SH.603535,嘉诚国际
1369,SH.603860,中公高科
1370,SH.603458,勘设股份
1371,SH.603359,东珠景观
1372,SH.603619,中曼石油
1373,SH.603721,中广天择
1374,SH.603978,深圳新星
1375,SH.603602,纵横通信
1376,SH.601949,中国出版
1377,SH.603129,春风动力
1378,SH.603181,皇马科技
1379,SH.603557,起步股份
1380,SH.603976,正川股份
1381,SH.603127,昭衍新药
1382,SH.603813,原尚股份
1383,SH.603079,圣达生物
1384,SH.603183,DR建研院
1385,SH.603500,祥和实业
1386,SH.603527,众源新材
1387,SH.603725,天安新材
1388,SH.603277,银都股份
1389,SH.603882,金域医学
1390,SH.603386,广东骏亚
1391,SH.603648,畅联股份
1392,SH.603321,梅轮电梯
1393,SH.603533,掌阅科技
1394,SH.603106,恒银金融
1395,SH.603055,台华新材
1396,SH.603922,金鸿顺
1397,SH.603963,大理药业
1398,SH.603157,拉夏贝尔
1399,SH.603363,傲农生物
1400,SH.601086,国芳集团
1401,SH.603367,辰欣药业
1402,SH.603378,亚士创能
1403,SH.603103,横店影视
1404,SH.603136,天目湖
1405,SH.603110,东方材料
1406,SH.603499,翔港科技
1407,SH.603829,洛凯股份
1408,SH.603466,风语筑
1409,SH.603683,晶华新材
1410,SH.601108,财通证券
1411,SH.603396,金辰股份
1412,SH.603722,阿科力
1413,SH.603607,京华激光
1414,SH.603260,合盛硅业
1415,SH.603289,泰瑞机器
1416,SH.603912,佳力图
1417,SH.603937,丽岛新材
1418,SH.603659,璞泰来
1419,SH.603856,东宏股份
1420,SH.603507,振江股份
1421,SH.600903,贵州燃气
1422,SH.603809,豪能股份
1423,SH.603083,剑桥科技
1424,SH.603278,大业股份
1425,SH.603916,苏博特
1426,SH.603605,珀莱雅
1427,SH.600933,爱柯迪
1428,SH.601019,山东出版
1429,SH.603076,乐惠国际
1430,SH.603970,中农立华
1431,SH.603365,水星家纺
1432,SH.603661,恒林股份
1433,SH.600025,华能水电
1434,SH.603685,晨丰科技
1435,SH.603711,香飘飘
1436,SH.603848,好太太
1437,SH.603917,合力科技
1438,SH.603890,春秋电子
1439,SH.603161,科华控股
1440,SH.603477,振静股份
1441,SH.603302,鑫广绿环
1442,SH.603283,赛腾股份
1443,SH.603329,上海雅仕
1444,SH.603080,新疆火炬
1445,SH.603655,朗博科技
1446,SH.601838,成都银行
1448,SH.601828,美凯龙
1449,SH.603056,德邦股份
1450,SH.603506,南都物业
1451,SH.603356,华菱精工
1452,SH.603895,天永智能
1453,SH.603516,淳中科技
1454,SH.603156,养元饮品
1455,SH.603871,嘉友国际
1456,SH.603709,中源家居
1457,SH.600901,江苏租赁
1458,SH.603712,七一二
1464,SH.603059,倍加洁
1465,SH.601360,三六零
1466,SH.600929,湖南盐业
1467,SH.603214,爱婴室
1469,SH.603596,伯特利
1470,SH.603897,长城科技
1472,SH.603301,振德医疗
1473,SH.603773,沃格光电
1474,SH.603876,鼎胜新材
1475,SH.603733,仙鹤股份
1476,SH.603348,文灿股份
1477,SH.603013,亚普股份
1478,SH.603259,药明康德
1479,SH.603045,福达合金
1480,SH.601990,南京证券
1481,SH.603486,科沃斯
1482,SH.601138,工业富联
1483,SH.601330,绿色动力
1484,SH.603666,亿嘉和
1485,SH.601066,中信建投
1,SZ.000025,特力A
2,SZ.000055,方大集团
3,SZ.000056,皇庭国际
4,SZ.000058,深赛格
5,SZ.000413,东旭光电
6,SZ.000418,小天鹅A
7,SZ.000429,粤高速A
8,SZ.000581,威孚高科
9,SZ.000596,古井贡酒
10,SZ.000613,大东海A
11,SZ.000625,长安汽车
12,SZ.000666,经纬纺机
13,SZ.000726,鲁泰A
14,SZ.000756,新华制药
15,SZ.000869,张裕A
16,SZ.000921,海信科龙
17,SZ.002724,海洋王
18,SZ.002731,萃华珠宝
19,SZ.002732,燕塘乳业
20,SZ.002733,雄韬股份
21,SZ.002734,利民股份
22,SZ.002735,王子新材
23,SZ.002736,国信证券
24,SZ.002737,葵花药业
25,SZ.002738,中矿资源
26,SZ.002739,万达电影
27,SZ.002740,爱迪尔
28,SZ.002741,光华科技
29,SZ.002742,三圣股份
30,SZ.002743,富煌钢构
31,SZ.002745,木林森
32,SZ.002746,仙坛股份
33,SZ.002747,埃斯顿
34,SZ.002748,世龙实业
35,SZ.002749,国光股份
36,SZ.002750,龙津药业
37,SZ.002751,易尚展示
38,SZ.002752,昇兴股份
39,SZ.002753,永东股份
40,SZ.002755,东方新星
41,SZ.002756,永兴特钢
42,SZ.002757,南兴装备
43,SZ.002758,华通医药
44,SZ.002759,天际股份
45,SZ.002760,凤形股份
46,SZ.002761,多喜爱
47,SZ.002762,金发拉比
48,SZ.002763,汇洁股份
49,SZ.002765,蓝黛传动
50,SZ.002766,索菱股份
51,SZ.002767,先锋电子
52,SZ.002768,国恩股份
53,SZ.002769,普路通
54,SZ.002770,科迪乳业
55,SZ.002771,真视通
56,SZ.002772,众兴菌业
57,SZ.002773,康弘药业
58,SZ.002775,文科园林
59,SZ.002776,柏堡龙
60,SZ.002777,久远银海
61,SZ.002778,高科石化
62,SZ.002779,中坚科技
63,SZ.002780,三夫户外
64,SZ.002781,奇信股份
65,SZ.002782,可立克
66,SZ.002783,凯龙股份
67,SZ.002785,万里石
68,SZ.002786,银宝山新
69,SZ.002787,华源控股
70,SZ.002788,鹭燕医药
71,SZ.002789,建艺集团
72,SZ.002790,瑞尔特
73,SZ.002791,坚朗五金
74,SZ.002792,通宇通讯
75,SZ.002793,东音股份
76,SZ.002795,永和智控
77,SZ.002796,世嘉科技
78,SZ.002797,第一创业
79,SZ.002798,帝欧家居
80,SZ.002799,环球印务
81,SZ.002800,天顺股份
82,SZ.002801,微光股份
83,SZ.002802,洪汇新材
84,SZ.002803,吉宏股份
85,SZ.002805,丰元股份
86,SZ.002806,华锋股份
87,SZ.002807,江阴银行
88,SZ.002808,苏州恒久
89,SZ.002809,红墙股份
90,SZ.002810,山东赫达
91,SZ.002811,亚泰国际
92,SZ.002812,创新股份
93,SZ.002813,路畅科技
94,SZ.002815,崇达技术
95,SZ.002816,和科达
96,SZ.002817,黄山胶囊
97,SZ.002818,富森美
98,SZ.002819,东方中科
99,SZ.002820,桂发祥
100,SZ.002821,凯莱英
101,SZ.002822,中装建设
102,SZ.002823,凯中精密
103,SZ.002825,纳尔股份
104,SZ.002826,易明医药
105,SZ.002827,高争民爆
106,SZ.002828,贝肯能源
107,SZ.002829,星网宇达
108,SZ.002830,名雕股份
109,SZ.002831,裕同科技
110,SZ.002832,比音勒芬
111,SZ.002833,弘亚数控
112,SZ.002835,同为股份
113,SZ.002836,新宏泽
114,SZ.002837,英维克
115,SZ.002838,道恩股份
116,SZ.002839,张家港行
117,SZ.002840,华统股份
142,SZ.300364,中文在线
143,SZ.300374,恒通科技
144,SZ.300394,天孚通信
145,SZ.300403,地尔汉宇
146,SZ.300404,博济医药
147,SZ.300405,科隆股份
148,SZ.300406,九强生物
149,SZ.300407,凯发电气
150,SZ.300408,三环集团
151,SZ.300409,道氏技术
152,SZ.300410,正业科技
153,SZ.300411,金盾股份
154,SZ.300412,迦南科技
155,SZ.300413,快乐购
156,SZ.300414,中光防雷
157,SZ.300415,伊之密
158,SZ.300416,苏试试验
159,SZ.300417,南华仪器
160,SZ.300418,昆仑万维
161,SZ.300419,浩丰科技
162,SZ.300420,五洋停车
163,SZ.300421,力星股份
164,SZ.300422,博世科
165,SZ.300423,鲁亿通
166,SZ.300424,航新科技
167,SZ.300425,环能科技
168,SZ.300426,唐德影视
169,SZ.300427,红相股份
170,SZ.300428,四通新材
171,SZ.300429,强力新材
172,SZ.300430,诚益通
173,SZ.300431,暴风集团
174,SZ.300432,富临精工
175,SZ.300433,蓝思科技
176,SZ.300434,金石东方
177,SZ.300435,中泰股份
178,SZ.300436,广生堂
179,SZ.300437,清水源
180,SZ.300438,鹏辉能源
181,SZ.300439,美康生物
182,SZ.300440,运达科技
183,SZ.300441,鲍斯股份
184,SZ.300442,普丽盛
185,SZ.300443,金雷风电
186,SZ.300444,双杰电气
187,SZ.300445,康斯特
188,SZ.300446,乐凯新材
189,SZ.300447,全信股份
190,SZ.300448,浩云科技
191,SZ.300449,汉邦高科
192,SZ.300450,先导智能
193,SZ.300451,创业软件
194,SZ.300452,山河药辅
195,SZ.300453,三鑫医疗
196,SZ.300455,康拓红外
197,SZ.300456,耐威科技
198,SZ.300457,赢合科技
199,SZ.300458,全志科技
200,SZ.300459,金科文化
201,SZ.300460,惠伦晶体
202,SZ.300461,田中精机
203,SZ.300462,华铭智能
204,SZ.300463,迈克生物
205,SZ.300464,星徽精密
206,SZ.300465,高伟达
207,SZ.300466,赛摩电气
208,SZ.300467,迅游科技
209,SZ.300468,四方精创
210,SZ.300469,信息发展
211,SZ.300470,日机密封
212,SZ.300471,厚普股份
213,SZ.300472,新元科技
214,SZ.300473,德尔股份
215,SZ.300474,景嘉微
216,SZ.300475,聚隆科技
217,SZ.300476,胜宏科技
218,SZ.300477,合纵科技
219,SZ.300478,杭州高新
220,SZ.300479,神思电子
221,SZ.300480,光力科技
222,SZ.300481,濮阳惠成
223,SZ.300482,万孚生物
224,SZ.300483,沃施股份
225,SZ.300484,蓝海华腾
226,SZ.300485,赛升药业
227,SZ.300486,东杰智能
228,SZ.300487,蓝晓科技
229,SZ.300488,恒锋工具
230,SZ.300489,中飞股份
231,SZ.300490,华自科技
232,SZ.300491,通合科技
233,SZ.300492,山鼎设计
234,SZ.300493,润欣科技
235,SZ.300494,盛天网络
236,SZ.300495,美尚生态
237,SZ.300496,中科创达
238,SZ.300497,富祥股份
239,SZ.300499,高澜股份
240,SZ.300500,启迪设计
241,SZ.300501,海顺新材
242,SZ.300502,新易盛
243,SZ.300503,昊志机电
244,SZ.300505,川金诺
245,SZ.300506,名家汇
246,SZ.300507,苏奥传感
247,SZ.300508,维宏股份
248,SZ.300509,新美星
249,SZ.300510,金冠电气
250,SZ.300511,雪榕生物
251,SZ.300512,中亚股份
252,SZ.300513,恒泰实达
253,SZ.300515,三德科技
254,SZ.300516,久之洋
255,SZ.300517,海波重科
256,SZ.300518,盛讯达
257,SZ.300519,新光药业
258,SZ.300520,科大国创
259,SZ.300521,爱司凯
260,SZ.300522,世名科技
261,SZ.300523,辰安科技
262,SZ.300525,博思软件
263,SZ.300526,中潜股份
264,SZ.300527,华舟应急
265,SZ.300528,幸福蓝海
266,SZ.300529,健帆生物
267,SZ.300530,达志科技
268,SZ.300531,优博讯
269,SZ.300532,今天国际
270,SZ.300533,冰川网络
271,SZ.300534,陇神戎发
272,SZ.300535,达威股份
273,SZ.300536,农尚环境
274,SZ.300537,广信材料
275,SZ.300538,同益股份
276,SZ.300539,横河模具
277,SZ.300540,深冷股份
278,SZ.300541,先进数通
279,SZ.300542,新晨科技
280,SZ.300543,朗科智能
281,SZ.300545,联得装备
282,SZ.300546,雄帝科技
283,SZ.300547,川环科技
284,SZ.300548,博创科技
285,SZ.300549,优德精密
286,SZ.300550,和仁科技
287,SZ.300551,古鳌科技
288,SZ.300552,万集科技
289,SZ.300553,集智股份
290,SZ.300555,路通视信
291,SZ.300556,丝路视觉
292,SZ.300557,理工光科
293,SZ.300558,贝达药业
294,SZ.300559,佳发安泰
295,SZ.300560,中富通
296,SZ.300561,汇金科技
297,SZ.300562,乐心医疗
298,SZ.300563,神宇股份
299,SZ.300565,科信技术
300,SZ.300566,激智科技
301,SZ.300567,精测电子
302,SZ.300568,星源材质
303,SZ.300569,天能重工
304,SZ.300570,太辰光
305,SZ.300571,平治信息
306,SZ.300572,安车检测
307,SZ.300573,兴齐眼药
308,SZ.300575,中旗股份
309,SZ.300576,容大感光
310,SZ.300577,开润股份
311,SZ.300579,数字认证
312,SZ.300580,贝斯特
313,SZ.300581,晨曦航空
314,SZ.300582,英飞特
315,SZ.300583,赛托生物
316,SZ.300585,奥联电子
317,SZ.300586,美联新材
318,SZ.300587,天铁股份
319,SZ.300588,熙菱信息
320,SZ.300591,万里马
321,SZ.000005,世纪星源
322,SZ.000004,国农科技
323,SZ.000002,万科A
324,SZ.000001,平安银行
325,SZ.000009,中国宝安
326,SZ.000012,南玻A
328,SZ.000016,深康佳A
330,SZ.000011,深物业A
332,SZ.000017,深中华A
334,SZ.000007,全新好
335,SZ.000006,深振业A
336,SZ.000020,深华发A
338,SZ.000008,神州高铁
339,SZ.000014,沙河股份
340,SZ.000018,神州长城
342,SZ.000019,深深宝A
344,SZ.000501,鄂武商A
345,SZ.000502,绿景控股
346,SZ.000503,国新健康
347,SZ.000504,南华生物
348,SZ.000505,京粮控股
350,SZ.000506,中润资源
351,SZ.000507,珠海港
352,SZ.000023,深天地A
353,SZ.000022,深赤湾A
355,SZ.000509,华塑控股
356,SZ.000510,金路集团
357,SZ.000511,烯碳退
358,SZ.000026,飞亚达A
360,SZ.000514,渝开发
361,SZ.000517,荣安地产
362,SZ.000028,国药一致
363,SZ.000516,国际医学
365,SZ.000027,深圳能源
366,SZ.000518,四环生物
367,SZ.000029,深深房A
369,SZ.000030,富奥股份
371,SZ.000031,中粮地产
372,SZ.000519,中兵红箭
373,SZ.000521,美菱电器
375,SZ.000520,长航凤凰
376,SZ.000032,深桑达A
377,SZ.000525,红太阳
378,SZ.000526,紫光学大
379,SZ.000523,广州浪奇
380,SZ.000524,岭南控股
381,SZ.000528,柳工
382,SZ.000529,广弘控股
383,SZ.000541,佛山照明
385,SZ.000536,华映科技
386,SZ.000539,粤电力A
388,SZ.000547,航天发展
389,SZ.000550,江铃汽车
391,SZ.000553,沙隆达A
393,SZ.000530,大冷股份
394,SZ.000544,中原环保
396,SZ.000537,广宇发展
397,SZ.000538,云南白药
398,SZ.000545,金浦钛业
399,SZ.000546,金圆股份
400,SZ.000554,泰山石油
401,SZ.000543,皖能电力
402,SZ.000548,湖南投资
403,SZ.000532,华金资本
404,SZ.000533,万家乐
405,SZ.000531,穗恒运A
406,SZ.000551,创元科技
407,SZ.000552,靖远煤电
408,SZ.000534,万泽股份
409,SZ.000559,万向钱潮
410,SZ.000563,陕国投A
411,SZ.000564,供销大集
412,SZ.000021,深科技
413,SZ.000540,中天金融
414,SZ.000560,我爱我家
415,SZ.000035,中国天楹
416,SZ.000555,神州信息
417,SZ.000565,渝三峡A
418,SZ.000034,神州数码
419,SZ.000558,莱茵体育
420,SZ.000561,烽火电子
421,SZ.000568,泸州老窖
422,SZ.000566,海南海药
423,SZ.000567,海德股份
424,SZ.000571,新大洲A
425,SZ.000036,华联控股
426,SZ.000557,西部创业
427,SZ.000037,深南电A
428,SZ.000570,苏常柴A
431,SZ.000038,深大通
432,SZ.000040,东旭蓝天
433,SZ.000572,海马汽车
434,SZ.000045,深纺织A
435,SZ.000573,粤宏远A
437,SZ.000576,广东甘化
438,SZ.000046,泛海控股
439,SZ.000042,中洲控股
440,SZ.000043,中航善达
441,SZ.000048,康达尔
442,SZ.000050,深天马A
443,SZ.000049,德赛电池
444,SZ.000010,美丽生态
445,SZ.000582,北部湾港
446,SZ.000584,哈工智能
448,SZ.000586,汇源通信
449,SZ.000590,启迪古汉
450,SZ.000591,太阳能
451,SZ.000589,黔轮胎A
452,SZ.000593,大通燃气
453,SZ.000592,平潭发展
454,SZ.000595,宝塔实业
455,SZ.000587,金洲慈航
456,SZ.000599,青岛双星
457,SZ.000597,东北制药
458,SZ.000598,兴蓉环境
459,SZ.000600,建投能源
460,SZ.000401,冀东水泥
461,SZ.000404,华意压缩
462,SZ.000402,金融街
463,SZ.000409,山东地矿
465,SZ.000408,藏格控股
466,SZ.000407,胜利股份
467,SZ.000411,英特集团
468,SZ.000415,渤海金控
469,SZ.000410,沈阳机床
470,SZ.000416,民生控股
471,SZ.000423,东阿阿胶
472,SZ.000420,吉林化纤
473,SZ.000421,南京公用
474,SZ.000428,华天酒店
475,SZ.000417,合肥百货
477,SZ.000419,通程控股
478,SZ.000603,盛达矿业
479,SZ.000425,徐工机械
480,SZ.000426,兴业矿业
481,SZ.000430,张家界
482,SZ.000601,韶能股份
483,SZ.000607,华媒控股
484,SZ.000605,渤海股份
485,SZ.000608,阳光股份
486,SZ.000610,西安旅游
487,SZ.000612,焦作万方
488,SZ.000606,神州易桥
489,SZ.000611,天首发展
490,SZ.000609,中迪投资
491,SZ.000615,京汉股份
492,SZ.000617,中油资本
493,SZ.000619,海螺型材
494,SZ.000623,吉林敖东
495,SZ.000620,新华联
496,SZ.000622,恒立实业
497,SZ.000616,海航投资
498,SZ.000627,天茂集团
499,SZ.000633,合金投资
500,SZ.000637,茂化实华
502,SZ.000628,高新发展
503,SZ.000651,格力电器
504,SZ.000630,铜陵有色
505,SZ.000635,英力特
506,SZ.000632,三木集团
507,SZ.000631,顺发恒业
508,SZ.000638,万方发展
509,SZ.000639,西王食品
510,SZ.000626,远大控股
511,SZ.000652,泰达股份
513,SZ.000656,金科股份
514,SZ.000636,风华高科
515,SZ.000659,珠海中富
516,SZ.000657,中钨高新
517,SZ.000667,美好置业
518,SZ.000663,永安林业
519,SZ.000650,仁和药业
520,SZ.000665,湖北广电
521,SZ.000668,荣丰控股
522,SZ.000669,金鸿控股
523,SZ.000662,天夏智慧
524,SZ.000670,盈方微
525,SZ.000661,长春高新
526,SZ.000671,阳光城
527,SZ.000672,上峰水泥
528,SZ.000676,智度股份
529,SZ.000677,恒天海龙
530,SZ.000678,襄阳轴承
531,SZ.000061,农产品
532,SZ.000688,建新矿业
533,SZ.000681,视觉中国
534,SZ.000682,东方电子
535,SZ.000680,山推股份
536,SZ.000060,中金岭南
537,SZ.000685,中山公用
538,SZ.000673,当代东方
539,SZ.000679,大连友谊
540,SZ.000690,宝新能源
541,SZ.000059,华锦股份
542,SZ.000062,深圳华强
543,SZ.000683,远兴能源
544,SZ.000695,滨海能源
545,SZ.000698,沈阳化工
546,SZ.000687,华讯方舟
548,SZ.000701,厦门信达
549,SZ.000686,东北证券
550,SZ.000692,惠天热电
551,SZ.000691,亚太实业
552,SZ.000700,模塑科技
553,SZ.001696,宗申动力
554,SZ.000702,正虹科技
555,SZ.000697,炼石有色
556,SZ.000708,大冶特钢
557,SZ.000703,恒逸石化
558,SZ.000719,中原传媒
559,SZ.000718,苏宁环球
560,SZ.000705,浙江震元
561,SZ.000711,京蓝科技
563,SZ.000712,锦龙股份
564,SZ.000709,河钢股份
565,SZ.000758,中色股份
566,SZ.000400,许继电气
567,SZ.000716,黑芝麻
568,SZ.000710,贝瑞基因
569,SZ.000713,丰乐种业
570,SZ.000736,中交地产
572,SZ.000721,西安饮食
573,SZ.000766,通化金马
574,SZ.000715,中兴商业
575,SZ.000717,韶钢松山
577,SZ.000739,普洛药业
578,SZ.000723,美锦能源
579,SZ.000759,中百集团
580,SZ.000727,华东科技
581,SZ.000722,湖南发展
582,SZ.000779,三毛派神
583,SZ.000778,新兴铸管
584,SZ.000780,平庄能源
585,SZ.000786,北新建材
586,SZ.000498,山东路桥
587,SZ.000767,漳泽电力
588,SZ.000068,华控赛格
589,SZ.000735,罗牛山
590,SZ.000776,广发证券
591,SZ.000728,国元证券
592,SZ.000788,北大医药
593,SZ.000731,四川美丰
594,SZ.000828,东莞控股
595,SZ.000800,一汽轿车
596,SZ.000782,美达股份
597,SZ.000752,西藏发展
598,SZ.000819,岳阳兴长
599,SZ.000066,中国长城
600,SZ.000738,航发控制
601,SZ.000751,锌业股份
602,SZ.000753,漳州发展
603,SZ.000768,中航飞机
604,SZ.000838,财信发展
606,SZ.000757,浩物股份
607,SZ.000760,斯太尔
608,SZ.000733,振华科技
609,SZ.000796,凯撒旅游
610,SZ.000732,泰禾集团
611,SZ.000762,西藏矿业
612,SZ.000750,国海证券
613,SZ.000777,中核科技
614,SZ.000785,武汉中商
615,SZ.000797,中国武夷
616,SZ.000729,燕京啤酒
617,SZ.000799,酒鬼酒
618,SZ.000868,安凯客车
619,SZ.000088,盐田港
620,SZ.000793,华闻传媒
621,SZ.000783,长江证券
622,SZ.000795,英洛华
624,SZ.000792,盐湖股份
625,SZ.000069,华侨城A
626,SZ.000789,万年青
627,SZ.000863,三湘印象
628,SZ.000836,鑫茂科技
629,SZ.000823,超声电子
630,SZ.000791,甘肃电投
631,SZ.000818,航锦科技
632,SZ.000888,峨眉山A
633,SZ.000839,中信国安
634,SZ.000848,承德露露
635,SZ.000063,中兴通讯
636,SZ.000899,赣能股份
637,SZ.000829,天音控股
638,SZ.000889,茂业通信
639,SZ.000802,北京文化
640,SZ.001896,豫能控股
641,SZ.000886,海南高速
642,SZ.000798,中水渔业
643,SZ.000826,启迪桑德
645,SZ.000876,新希望
646,SZ.000790,泰合健康
647,SZ.000880,潍柴重机
648,SZ.000807,云铝股份
649,SZ.000806,银河生物
650,SZ.000089,深圳机场
651,SZ.000858,五粮液
652,SZ.000801,四川九洲
653,SZ.000813,德展健康
654,SZ.000883,湖北能源
655,SZ.000811,冰轮环境
656,SZ.000810,创维数字
657,SZ.000878,云南铜业
658,SZ.000065,北方国际
659,SZ.000815,美利云
660,SZ.000851,高鸿股份
662,SZ.000882,华联股份
663,SZ.000812,陕西金叶
664,SZ.000821,京山轻机
665,SZ.000820,神雾节能
666,SZ.000822,山东海化
667,SZ.000830,鲁西化工
668,SZ.000856,冀东装备
669,SZ.000881,中广核技
670,SZ.000831,五矿稀土
671,SZ.000862,银星能源
672,SZ.000837,秦川机床
673,SZ.000850,华茂股份
674,SZ.000825,太钢不锈
675,SZ.000861,海印股份
676,SZ.000860,顺鑫农业
677,SZ.000833,贵糖股份
678,SZ.000859,国风塑业
679,SZ.000852,石化机械
680,SZ.000887,中鼎股份
681,SZ.000895,双汇发展
682,SZ.000078,海王生物
684,SZ.000877,天山股份
685,SZ.000892,欢瑞世纪
686,SZ.000890,法尔胜
687,SZ.000900,现代投资
688,SZ.000908,景峰医药
689,SZ.000928,中钢国际
690,SZ.000885,同力水泥
691,SZ.000917,电广传媒
692,SZ.000901,航天科技
693,SZ.000902,新洋丰
694,SZ.000903,云内动力
695,SZ.000897,津滨发展
696,SZ.000905,厦门港务
697,SZ.000909,数源科技
698,SZ.000913,钱江摩托
699,SZ.000911,南宁糖业
701,SZ.000915,山大华特
702,SZ.000925,众合科技
703,SZ.000920,南方汇通
705,SZ.000926,福星股份
706,SZ.000929,兰州黄河
707,SZ.000835,长城动漫
708,SZ.000910,大亚圣象
709,SZ.000906,浙商中拓
710,SZ.000930,中粮生化
711,SZ.000931,中关村
712,SZ.000923,河北宣工
713,SZ.000918,嘉凯城
714,SZ.000090,天健集团
715,SZ.000927,一汽夏利
716,SZ.000932,华菱钢铁
717,SZ.000936,华西股份
718,SZ.000935,四川双马
719,SZ.000933,神火股份
720,SZ.000937,冀中能源
722,SZ.000939,凯迪生态
723,SZ.000948,南天信息
724,SZ.000949,新乡化纤
725,SZ.000938,紫光股份
726,SZ.000952,广济药业
727,SZ.000919,金陵药业
728,SZ.000951,中国重汽
730,SZ.000955,欣龙控股
731,SZ.000959,首钢股份
732,SZ.000958,东方能源
733,SZ.000957,中通客车
734,SZ.000962,东方钽业
735,SZ.000963,华东医药
736,SZ.000960,锡业股份
737,SZ.000961,中南建设
738,SZ.000999,华润三九
739,SZ.000966,长源电力
740,SZ.000967,盈峰环境
741,SZ.000965,天保基建
742,SZ.000970,中科三环
743,SZ.000971,高升控股
744,SZ.000070,特发信息
745,SZ.000978,桂林旅游
746,SZ.000973,佛塑科技
747,SZ.000301,东方市场
748,SZ.000969,安泰科技
749,SZ.000976,华铁股份
750,SZ.000975,银泰资源
751,SZ.000977,浪潮信息
752,SZ.000988,华工科技
753,SZ.000979,中弘股份
754,SZ.000980,众泰汽车
755,SZ.000968,蓝焰控股
756,SZ.000981,银亿股份
757,SZ.000989,九芝堂
759,SZ.000990,诚志股份
760,SZ.000987,越秀金控
761,SZ.000996,中国中期
762,SZ.000096,广聚能源
763,SZ.000158,常山北明
764,SZ.000983,西山煤电
765,SZ.000985,大庆华科
766,SZ.000099,中信海直
767,SZ.000993,闽东电力
768,SZ.000150,宜华健康
770,SZ.000997,新大陆
771,SZ.000151,中成股份
772,SZ.000156,华数传媒
773,SZ.000153,丰原药业
774,SZ.000155,川化股份
775,SZ.000159,国际实业
777,SZ.000157,中联重科
778,SZ.000998,隆平高科
779,SZ.000875,吉电股份
780,SZ.000100,TCL集团
781,SZ.002001,新和成
782,SZ.002002,鸿达兴业
783,SZ.002003,伟星股份
784,SZ.002004,华邦健康
785,SZ.002005,德豪润达
786,SZ.002006,精功科技
787,SZ.002007,华兰生物
788,SZ.002008,大族激光
789,SZ.002009,天奇股份
790,SZ.002010,传化智联
791,SZ.002011,盾安环境
792,SZ.002012,凯恩股份
793,SZ.002013,中航机电
794,SZ.002014,永新股份
795,SZ.002015,霞客环保
796,SZ.002016,世荣兆业
797,SZ.002017,东信和平
799,SZ.002019,亿帆医药
800,SZ.002020,京新药业
801,SZ.002021,中捷资源
802,SZ.002022,科华生物
803,SZ.002023,海特高新
804,SZ.002024,苏宁易购
805,SZ.002025,航天电器
806,SZ.002026,山东威达
807,SZ.002027,分众传媒
808,SZ.002028,思源电气
809,SZ.002029,七匹狼
810,SZ.002030,达安基因
811,SZ.002031,巨轮智能
812,SZ.002032,苏泊尔
813,SZ.002033,丽江旅游
814,SZ.002034,旺能环境
815,SZ.002035,华帝股份
816,SZ.002036,联创电子
817,SZ.002037,久联发展
818,SZ.002038,双鹭药业
819,SZ.002039,黔源电力
820,SZ.002040,南京港
821,SZ.002041,登海种业
822,SZ.002042,华孚时尚
823,SZ.002043,兔宝宝
824,SZ.002044,美年健康
825,SZ.002045,国光电器
826,SZ.002046,轴研科技
827,SZ.002047,宝鹰股份
828,SZ.002048,宁波华翔
829,SZ.002049,紫光国微
830,SZ.002050,三花智控
831,SZ.002051,中工国际
832,SZ.002052,同洲电子
833,SZ.002053,云南能投
834,SZ.002054,德美化工
835,SZ.002055,得润电子
836,SZ.002056,横店东磁
837,SZ.002057,中钢天源
838,SZ.002058,威尔泰
839,SZ.002059,云南旅游
840,SZ.002060,粤水电
841,SZ.002061,浙江交科
842,SZ.002062,宏润建设
843,SZ.002063,远光软件
844,SZ.002064,华峰氨纶
845,SZ.002065,东华软件
846,SZ.002066,瑞泰科技
847,SZ.002067,景兴纸业
848,SZ.002068,黑猫股份
849,SZ.002069,獐子岛
850,SZ.000725,京东方A
851,SZ.000761,本钢板材
855,SZ.002071,长城影视
856,SZ.002072,凯瑞德
857,SZ.002073,软控股份
858,SZ.002074,国轩高科
859,SZ.002075,沙钢股份
860,SZ.002076,雪莱特
861,SZ.002077,大港股份
862,SZ.002078,太阳纸业
863,SZ.002079,苏州固锝
864,SZ.002080,中材科技
865,SZ.002081,金螳螂
866,SZ.002082,万邦德
867,SZ.002083,孚日股份
868,SZ.002084,海鸥住工
869,SZ.002085,万丰奥威
870,SZ.002086,东方海洋
871,SZ.002087,新野纺织
872,SZ.002088,鲁阳节能
873,SZ.002089,新海宜
874,SZ.002090,金智科技
875,SZ.002091,江苏国泰
876,SZ.002092,中泰化学
877,SZ.002093,国脉科技
878,SZ.002094,青岛金王
879,SZ.002095,生意宝
880,SZ.002096,南岭民爆
881,SZ.002097,山河智能
882,SZ.002098,浔兴股份
883,SZ.002099,海翔药业
884,SZ.002100,天康生物
885,SZ.002101,广东鸿图
886,SZ.002102,冠福股份
887,SZ.002103,广博股份
888,SZ.002104,恒宝股份
889,SZ.002105,信隆健康
890,SZ.002106,莱宝高科
891,SZ.002107,沃华医药
892,SZ.002108,沧州明珠
893,SZ.002109,兴化股份
894,SZ.002110,三钢闽光
895,SZ.002111,威海广泰
896,SZ.002112,三变科技
897,SZ.002113,天润数娱
898,SZ.002114,罗平锌电
899,SZ.002115,三维通信
900,SZ.002116,中国海诚
901,SZ.002117,东港股份
902,SZ.002118,紫鑫药业
903,SZ.002119,康强电子
904,SZ.002120,韵达股份
905,SZ.002121,科陆电子
907,SZ.002123,梦网集团
908,SZ.002124,天邦股份
909,SZ.002125,湘潭电化
910,SZ.002126,银轮股份
911,SZ.002127,南极电商
912,SZ.002128,露天煤业
913,SZ.002129,中环股份
914,SZ.002130,沃尔核材
915,SZ.002131,利欧股份
916,SZ.002132,恒星科技
917,SZ.002133,广宇集团
918,SZ.000338,潍柴动力
919,SZ.002134,天津普林
920,SZ.002135,东南网架
921,SZ.002136,安纳达
922,SZ.002137,麦达数字
923,SZ.002138,顺络电子
924,SZ.002139,拓邦股份
925,SZ.002140,东华科技
926,SZ.002142,宁波银行
927,SZ.002141,贤丰控股
928,SZ.002143,印纪传媒
929,SZ.002144,宏达高科
930,SZ.002145,中核钛白
931,SZ.002146,荣盛发展
932,SZ.002147,新光圆成
933,SZ.002148,北纬科技
934,SZ.002149,西部材料
935,SZ.002150,通润装备
936,SZ.002151,北斗星通
937,SZ.002152,广电运通
938,SZ.002153,石基信息
939,SZ.002154,报喜鸟
940,SZ.002155,湖南黄金
941,SZ.002156,通富微电
942,SZ.002157,正邦科技
943,SZ.002158,汉钟精机
944,SZ.002159,三特索道
945,SZ.002160,常铝股份
946,SZ.002161,远望谷
947,SZ.002162,悦心健康
948,SZ.002163,中航三鑫
949,SZ.002164,宁波东力
950,SZ.002165,红宝丽
951,SZ.002166,莱茵生物
952,SZ.002167,东方锆业
953,SZ.002168,深圳惠程
954,SZ.002169,智光电气
955,SZ.002170,芭田股份
956,SZ.002171,楚江新材
957,SZ.002172,澳洋科技
958,SZ.002173,创新医疗
959,SZ.002174,游族网络
960,SZ.002175,东方网络
961,SZ.002176,江特电机
962,SZ.000898,鞍钢股份
963,SZ.002177,御银股份
964,SZ.002178,延华智能
965,SZ.002179,中航光电
966,SZ.002180,纳思达
967,SZ.002182,云海金属
968,SZ.002183,怡亚通
969,SZ.002181,粤传媒
970,SZ.002184,海得控制
971,SZ.002185,华天科技
972,SZ.002186,全聚德
973,SZ.002187,广百股份
975,SZ.002189,利达光电
976,SZ.002190,成飞集成
977,SZ.002191,劲嘉股份
978,SZ.002192,融捷股份
979,SZ.002193,如意集团
981,SZ.002195,二三四五
982,SZ.002196,方正电机
983,SZ.002197,证通电子
984,SZ.002198,嘉应制药
985,SZ.002199,东晶电子
986,SZ.002200,云投生态
987,SZ.002201,九鼎新材
988,SZ.002204,大连重工
989,SZ.002205,国统股份
990,SZ.002206,海利得
992,SZ.002208,合肥城建
993,SZ.002209,达意隆
994,SZ.002210,飞马国际
995,SZ.002211,宏达新材
996,SZ.002212,南洋股份
997,SZ.002213,特尔佳
998,SZ.002214,大立科技
999,SZ.002215,诺普信
1000,SZ.002216,三全食品
1001,SZ.002217,合力泰
1002,SZ.002218,拓日新能
1003,SZ.002220,天宝食品
1004,SZ.002219,恒康医疗
1005,SZ.002221,东华能源
1006,SZ.002222,福晶科技
1007,SZ.002223,鱼跃医疗
1008,SZ.002224,三力士
1009,SZ.002225,濮耐股份
1010,SZ.002226,江南化工
1011,SZ.002227,奥特迅
1012,SZ.002228,合兴包装
1013,SZ.002229,鸿博股份
1014,SZ.002230,科大讯飞
1015,SZ.002231,奥维通信
1016,SZ.002233,塔牌集团
1017,SZ.002234,民和股份
1018,SZ.002235,安妮股份
1019,SZ.002236,大华股份
1020,SZ.002237,恒邦股份
1021,SZ.002239,奥特佳
1022,SZ.002241,歌尔股份
1023,SZ.002240,威华股份
1024,SZ.002238,天威视讯
1025,SZ.002242,九阳股份
1026,SZ.002243,通产丽星
1027,SZ.002244,滨江集团
1028,SZ.002245,澳洋顺昌
1029,SZ.002246,北化股份
1030,SZ.002247,帝龙文化
1031,SZ.002248,华东数控
1032,SZ.000488,晨鸣纸业
1034,SZ.002249,大洋电机
1035,SZ.002250,联化科技
1036,SZ.002251,步步高
1037,SZ.002252,上海莱士
1038,SZ.002253,川大智胜
1039,SZ.002254,泰和新材
1040,SZ.002255,海陆重工
1041,SZ.002256,兆新股份
1042,SZ.002258,利尔化学
1043,SZ.002259,升达林业
1045,SZ.002261,拓维信息
1046,SZ.002262,恩华药业
1048,SZ.002264,新华都
1049,SZ.002265,西仪股份
1050,SZ.002266,浙富控股
1051,SZ.002268,卫士通
1052,SZ.002267,陕天然气
1053,SZ.002269,美邦服饰
1054,SZ.002270,华明装备
1055,SZ.002271,东方雨虹
1056,SZ.002272,川润股份
1057,SZ.002273,水晶光电
1058,SZ.002274,华昌化工
1059,SZ.002275,桂林三金
1060,SZ.002276,万马股份
1061,SZ.002277,友阿股份
1062,SZ.002278,神开股份
1063,SZ.002279,久其软件
1064,SZ.002280,联络互动
1065,SZ.002281,光迅科技
1066,SZ.002282,博深工具
1067,SZ.002283,天润曲轴
1068,SZ.002284,亚太股份
1069,SZ.002285,世联行
1070,SZ.002286,保龄宝
1071,SZ.002287,奇正藏药
1072,SZ.002288,超华科技
1073,SZ.002289,宇顺电子
1074,SZ.002290,中科新材
1075,SZ.002291,星期六
1076,SZ.002292,奥飞娱乐
1077,SZ.002293,罗莱生活
1078,SZ.002294,信立泰
1079,SZ.002295,精艺股份
1080,SZ.002296,辉煌科技
1081,SZ.002297,博云新材
1082,SZ.002298,中电鑫龙
1083,SZ.002299,圣农发展
1084,SZ.002300,太阳电缆
1085,SZ.002301,齐心集团
1086,SZ.300001,特锐德
1087,SZ.300002,神州泰岳
1088,SZ.300003,乐普医疗
1089,SZ.300004,南风股份
1090,SZ.300005,探路者
1091,SZ.300006,莱美药业
1092,SZ.300007,汉威科技
1093,SZ.300008,天海防务
1094,SZ.300009,安科生物
1095,SZ.300010,立思辰
1096,SZ.300011,鼎汉技术
1097,SZ.300012,华测检测
1098,SZ.300013,新宁物流
1099,SZ.300014,亿纬锂能
1100,SZ.300015,爱尔眼科
1101,SZ.300016,北陆药业
1102,SZ.300017,网宿科技
1103,SZ.300018,中元股份
1104,SZ.300019,硅宝科技
1105,SZ.300020,银江股份
1106,SZ.300021,大禹节水
1107,SZ.300022,吉峰农机
1108,SZ.300023,宝德股份
1109,SZ.300024,机器人
1110,SZ.300025,华星创业
1111,SZ.300026,红日药业
1112,SZ.300027,华谊兄弟
1113,SZ.300028,金亚科技
1114,SZ.002302,西部建设
1115,SZ.002303,美盈森
1116,SZ.002304,洋河股份
1117,SZ.002305,南国置业
1119,SZ.002307,北新路桥
1120,SZ.002308,威创股份
1121,SZ.002309,中利集团
1122,SZ.002310,东方园林
1123,SZ.002311,海大集团
1124,SZ.002312,三泰控股
1125,SZ.002313,日海通讯
1126,SZ.002314,南山控股
1127,SZ.002315,焦点科技
1128,SZ.002316,键桥通讯
1129,SZ.002317,众生药业
1130,SZ.002318,久立特材
1131,SZ.002319,乐通股份
1132,SZ.002320,海峡股份
1133,SZ.002321,华英农业
1134,SZ.002322,理工环科
1135,SZ.002323,雅百特
1136,SZ.002324,普利特
1137,SZ.002325,洪涛股份
1138,SZ.002326,永太科技
1139,SZ.300029,天龙光电
1140,SZ.300030,阳普医疗
1141,SZ.300031,宝通科技
1142,SZ.300032,金龙机电
1143,SZ.300033,同花顺
1144,SZ.300034,钢研高纳
1145,SZ.300035,中科电气
1146,SZ.300036,超图软件
1147,SZ.002327,富安娜
1148,SZ.002328,新朋股份
1149,SZ.002329,皇氏集团
1150,SZ.002330,得利斯
1151,SZ.002331,皖通科技
1152,SZ.300037,新宙邦
1153,SZ.300038,梅泰诺
1154,SZ.300039,上海凯宝
1155,SZ.300040,九洲电气
1156,SZ.300041,回天新材
1157,SZ.300042,朗科科技
1158,SZ.002332,仙琚制药
1159,SZ.002333,罗普斯金
1160,SZ.002334,英威腾
1161,SZ.002335,科华恒盛
1162,SZ.002336,人人乐
1163,SZ.002337,赛象科技
1164,SZ.002338,奥普光电
1165,SZ.300043,星辉娱乐
1166,SZ.300044,赛为智能
1167,SZ.300045,华力创通
1168,SZ.300046,台基股份
1169,SZ.300047,天源迪科
1170,SZ.300048,合康新能
1171,SZ.300049,福瑞股份
1172,SZ.300050,世纪鼎利
1173,SZ.002339,积成电子
1174,SZ.002340,格林美
1175,SZ.002341,新纶科技
1176,SZ.002342,巨力索具
1177,SZ.002343,慈文传媒
1178,SZ.002344,海宁皮城
1179,SZ.002345,潮宏基
1180,SZ.002346,柘中股份
1181,SZ.002347,泰尔股份
1182,SZ.002348,高乐股份
1183,SZ.002349,精华制药
1184,SZ.002350,北京科锐
1185,SZ.002351,漫步者
1186,SZ.002352,顺丰控股
1187,SZ.002353,杰瑞股份
1188,SZ.002354,天神娱乐
1189,SZ.002355,兴民智通
1190,SZ.002356,赫美集团
1191,SZ.002357,富临运业
1192,SZ.002358,森源电气
1193,SZ.002359,北讯集团
1194,SZ.300051,三五互联
1195,SZ.300052,中青宝
1196,SZ.300053,欧比特
1197,SZ.300054,鼎龙股份
1198,SZ.300055,万邦达
1199,SZ.300056,三维丝
1200,SZ.300057,万顺股份
1201,SZ.300058,蓝色光标
1202,SZ.002360,同德化工
1203,SZ.002361,神剑股份
1204,SZ.002362,汉王科技
1205,SZ.002363,隆基机械
1206,SZ.002364,中恒电气
1207,SZ.002365,永安药业
1208,SZ.002366,台海核电
1209,SZ.002367,康力电梯
1210,SZ.002368,太极股份
1211,SZ.002369,卓翼科技
1212,SZ.002370,亚太药业
1213,SZ.002371,北方华创
1214,SZ.002372,伟星新材
1215,SZ.002373,千方科技
1216,SZ.002374,丽鹏股份
1217,SZ.300059,东方财富
1218,SZ.300061,康旗股份
1219,SZ.300062,中能电气
1220,SZ.002375,亚厦股份
1221,SZ.002376,新北洋
1222,SZ.002377,国创高新
1223,SZ.300063,天龙集团
1224,SZ.300064,豫金刚石
1225,SZ.300065,海兰信
1226,SZ.300066,三川智慧
1227,SZ.002232,启明信息
1228,SZ.002378,章源钨业
1229,SZ.002379,宏创控股
1230,SZ.002380,科远股份
1231,SZ.002381,双箭股份
1232,SZ.002382,蓝帆医疗
1233,SZ.002383,合众思壮
1234,SZ.002384,东山精密
1235,SZ.002385,大北农
1236,SZ.002386,天原集团
1237,SZ.002387,黑牛食品
1238,SZ.002388,新亚制程
1239,SZ.002389,南洋科技
1240,SZ.002390,信邦制药
1241,SZ.002391,长青股份
1242,SZ.300067,安诺其
1243,SZ.300068,南都电源
1244,SZ.300069,金利华电
1245,SZ.300070,碧水源
1246,SZ.300071,华谊嘉信
1247,SZ.002392,北京利尔
1248,SZ.002393,力生制药
1249,SZ.002394,联发股份
1250,SZ.300072,三聚环保
1251,SZ.300073,当升科技
1252,SZ.300074,华平股份
1253,SZ.300075,数字政通
1254,SZ.002395,双象股份
1255,SZ.002397,梦洁股份
1256,SZ.300076,GQY视讯
1257,SZ.300077,国民技术
1258,SZ.300078,思创医惠
1259,SZ.300079,数码科技
1260,SZ.002398,建研集团
1261,SZ.002399,海普瑞
1262,SZ.002400,省广集团
1263,SZ.002401,中远海科
1264,SZ.002402,和而泰
1265,SZ.002403,爱仕达
1266,SZ.002404,嘉欣丝绸
1267,SZ.002405,四维图新
1268,SZ.002406,远东传动
1269,SZ.002407,多氟多
1270,SZ.002408,齐翔腾达
1271,SZ.300081,恒信东方
1272,SZ.300082,奥克股份
1273,SZ.300083,劲胜智能
1274,SZ.300084,海默科技
1275,SZ.002409,雅克科技
1276,SZ.002410,广联达
1277,SZ.002411,必康股份
1278,SZ.002412,汉森制药
1279,SZ.300085,银之杰
1280,SZ.300086,康芝药业
1281,SZ.300087,荃银高科
1282,SZ.300088,长信科技
1283,SZ.002413,雷科防务
1284,SZ.002415,海康威视
1285,SZ.002416,爱施德
1286,SZ.002417,深南股份
1287,SZ.002418,康盛股份
1288,SZ.002419,天虹股份
1289,SZ.002420,毅昌股份
1290,SZ.002421,达实智能
1291,SZ.002422,科伦药业
1292,SZ.002423,中原特钢
1293,SZ.002424,贵州百灵
1294,SZ.002425,凯撒文化
1295,SZ.002426,胜利精密
1297,SZ.002428,云南锗业
1298,SZ.002429,兆驰股份
1299,SZ.002430,杭氧股份
1300,SZ.002431,棕榈股份
1301,SZ.002432,九安医疗
1302,SZ.002433,太安堂
1303,SZ.002434,万里扬
1304,SZ.002435,长江润发
1305,SZ.002436,兴森科技
1306,SZ.002396,星网锐捷
1307,SZ.002437,誉衡药业
1308,SZ.002438,江苏神通
1309,SZ.002439,启明星辰
1310,SZ.300080,易成新能
1311,SZ.300089,文化长城
1312,SZ.300090,盛运环保
1313,SZ.300091,金通灵
1314,SZ.002440,闰土股份
1315,SZ.002441,众业达
1316,SZ.002442,龙星化工
1317,SZ.002443,金洲管道
1318,SZ.300092,科新机电
1319,SZ.300093,金刚玻璃
1320,SZ.300094,国联水产
1321,SZ.002444,巨星科技
1322,SZ.002445,中南文化
1323,SZ.002446,盛路通信
1324,SZ.002447,晨鑫科技
1325,SZ.002414,高德红外
1326,SZ.002448,中原内配
1327,SZ.002449,国星光电
1328,SZ.002450,康得新
1329,SZ.002451,摩恩电气
1330,SZ.002452,长高集团
1331,SZ.002453,天马精化
1332,SZ.002454,松芝股份
1333,SZ.300095,华伍股份
1334,SZ.300096,易联众
1335,SZ.300097,智云股份
1336,SZ.300098,高新兴
1337,SZ.002455,百川股份
1338,SZ.002456,欧菲科技
1339,SZ.002457,青龙管业
1340,SZ.300099,精准信息
1341,SZ.300100,双林股份
1342,SZ.300101,振芯科技
1343,SZ.002458,益生股份
1344,SZ.002459,天业通联
1345,SZ.002460,赣锋锂业
1346,SZ.300102,乾照光电
1347,SZ.300103,达刚路机
1348,SZ.300104,乐视网
1349,SZ.002461,珠江啤酒
1350,SZ.002462,嘉事堂
1351,SZ.002463,沪电股份
1352,SZ.300105,龙源技术
1353,SZ.300106,西部牧业
1354,SZ.300107,建新股份
1355,SZ.300108,吉药控股
1356,SZ.300109,新开源
1357,SZ.300110,华仁药业
1358,SZ.300111,向日葵
1359,SZ.300112,万讯自控
1360,SZ.300113,顺网科技
1361,SZ.300114,中航电测
1362,SZ.002464,众应互联
1363,SZ.002465,海格通信
1364,SZ.002466,天齐锂业
1365,SZ.300115,长盈精密
1366,SZ.300116,坚瑞沃能
1367,SZ.300117,嘉寓股份
1368,SZ.300118,东方日升
1369,SZ.002467,二六三
1370,SZ.002468,申通快递
1371,SZ.002469,三维工程
1372,SZ.002470,金正大
1373,SZ.002471,中超控股
1374,SZ.002472,双环传动
1376,SZ.002474,榕基软件
1377,SZ.002475,立讯精密
1378,SZ.002476,宝莫股份
1379,SZ.002477,雏鹰农牧
1380,SZ.300119,瑞普生物
1381,SZ.300120,经纬电材
1382,SZ.300121,阳谷华泰
1383,SZ.002478,常宝股份
1384,SZ.002479,富春环保
1385,SZ.002480,新筑股份
1386,SZ.002481,双塔食品
1387,SZ.300122,智飞生物
1388,SZ.300123,亚光科技
1389,SZ.300124,汇川技术
1390,SZ.002482,广田集团
1391,SZ.002483,润邦股份
1392,SZ.002484,江海股份
1393,SZ.002202,金风科技
1394,SZ.300125,易世达
1395,SZ.300126,锐奇股份
1396,SZ.300127,银河磁体
1397,SZ.300128,锦富技术
1398,SZ.002485,希努尔
1399,SZ.002486,嘉麟杰
1400,SZ.002487,大金重工
1401,SZ.300129,泰胜风能
1402,SZ.300130,新国都
1403,SZ.300131,英唐智控
1404,SZ.002488,金固股份
1405,SZ.002489,浙江永强
1406,SZ.002490,山东墨龙
1407,SZ.002491,通鼎互联
1408,SZ.300132,青松股份
1409,SZ.300133,华策影视
1410,SZ.300134,大富科技
1411,SZ.300135,宝利国际
1412,SZ.002492,恒基达鑫
1413,SZ.002493,荣盛石化
1414,SZ.002494,华斯股份
1415,SZ.002495,佳隆股份
1416,SZ.300136,信维通信
1417,SZ.300137,先河环保
1418,SZ.300138,晨光生物
1419,SZ.002496,辉丰股份
1420,SZ.002497,雅化集团
1421,SZ.002498,汉缆股份
1422,SZ.002499,科林环保
1423,SZ.300139,晓程科技
1424,SZ.300140,中环装备
1425,SZ.300141,和顺电气
1426,SZ.300142,沃森生物
1427,SZ.002500,山西证券
1428,SZ.002501,利源精制
1429,SZ.002502,骅威文化
1430,SZ.002503,搜于特
1431,SZ.002504,弘高创意
1432,SZ.002505,大康农业
1433,SZ.002506,协鑫集成
1434,SZ.002507,涪陵榨菜
1435,SZ.002508,老板电器
1436,SZ.002509,天广中茂
1437,SZ.002510,天汽模
1438,SZ.002511,中顺洁柔
1439,SZ.002512,达华智能
1440,SZ.002513,蓝丰生化
1441,SZ.002514,宝馨科技
1442,SZ.002515,金字火腿
1443,SZ.002516,旷达科技
1444,SZ.002517,恺英网络
1445,SZ.002518,科士达
1446,SZ.002519,银河电子
1447,SZ.300143,星普医科
1448,SZ.300144,宋城演艺
1449,SZ.300145,中金环境
1450,SZ.002520,日发精机
1451,SZ.002521,齐峰新材
1452,SZ.002523,天桥起重
1453,SZ.300146,汤臣倍健
1454,SZ.300147,香雪制药
1455,SZ.300148,天舟文化
1456,SZ.002524,光正集团
1457,SZ.002526,山东矿机
1458,SZ.300149,量子高科
1459,SZ.300150,世纪瑞尔
1460,SZ.300151,昌红科技
1461,SZ.002527,新时达
1462,SZ.002528,英飞拓
1463,SZ.002529,海源机械
1464,SZ.300152,科融环境
1465,SZ.300153,科泰电源
1466,SZ.300154,瑞凌股份
1467,SZ.002530,金财互联
1468,SZ.002531,天顺风能
1469,SZ.002532,新界泵业
1470,SZ.002533,金杯电工
1471,SZ.300155,安居宝
1472,SZ.300156,神雾环保
1473,SZ.300157,恒泰艾普
1474,SZ.300158,振东制药
1475,SZ.300159,新研股份
1476,SZ.002534,杭锅股份
1477,SZ.002537,海联金汇
1478,SZ.002535,林州重机
1479,SZ.002536,西泵股份
1480,SZ.300160,秀强股份
1481,SZ.300161,华中数控
1482,SZ.300162,雷曼股份
1483,SZ.300163,先锋新材
1484,SZ.300164,通源石油
1485,SZ.002538,司尔特
1486,SZ.002539,云图控股
1487,SZ.002540,亚太科技
1488,SZ.002541,鸿路钢构
1489,SZ.300165,天瑞仪器
1490,SZ.300166,东方国信
1491,SZ.300167,迪威迅
1492,SZ.300168,万达信息
1493,SZ.300169,天晟新材
1494,SZ.002542,中化岩土
1495,SZ.002543,万和电气
1496,SZ.002544,杰赛科技
1497,SZ.300170,汉得信息
1498,SZ.300171,东富龙
1499,SZ.300172,中电环保
1500,SZ.300173,智慧松德
1501,SZ.300174,元力股份
1502,SZ.002545,东方铁塔
1503,SZ.002546,新联电子
1504,SZ.300175,朗源股份
1505,SZ.300176,鸿特科技
1506,SZ.300177,中海达
1507,SZ.300178,腾邦国际
1508,SZ.300179,四方达
1509,SZ.002547,春兴精工
1510,SZ.002548,金新农
1511,SZ.002549,凯美特气
1512,SZ.002550,千红制药
1513,SZ.300180,华峰超纤
1514,SZ.300181,佐力药业
1515,SZ.300182,捷成股份
1516,SZ.300183,东软载波
1517,SZ.300184,力源信息
1518,SZ.002551,尚荣医疗
1520,SZ.002553,南方轴承
1521,SZ.002554,惠博普
1522,SZ.002555,三七互娱
1523,SZ.002556,辉隆股份
1524,SZ.002557,洽洽食品
1525,SZ.002558,巨人网络
1526,SZ.002559,亚威股份
1527,SZ.002560,通达股份
1528,SZ.002561,徐家汇
1529,SZ.300185,通裕重工
1530,SZ.300187,永清环保
1531,SZ.002562,兄弟科技
1532,SZ.002564,天沃科技
1533,SZ.002563,森马服饰
1534,SZ.300188,美亚柏科
1535,SZ.300189,神农基因
1536,SZ.300190,维尔利
1537,SZ.300191,潜能恒信
1538,SZ.002565,顺灏股份
1539,SZ.002566,益盛药业
1540,SZ.300192,科斯伍德
1541,SZ.300193,佳士科技
1542,SZ.300194,福安药业
1543,SZ.002567,唐人神
1544,SZ.002568,百润股份
1545,SZ.300195,长荣股份
1546,SZ.300196,长海股份
1547,SZ.300197,铁汉生态
1548,SZ.300198,纳川股份
1549,SZ.300199,翰宇药业
1550,SZ.300200,高盟新材
1551,SZ.300201,海伦哲
1552,SZ.002569,步森股份
1554,SZ.002571,德力股份
1555,SZ.002572,索菲亚
1556,SZ.300202,聚龙股份
1557,SZ.300203,聚光科技
1558,SZ.300204,舒泰神
1559,SZ.300205,天喻信息
1560,SZ.300206,理邦仪器
1561,SZ.300207,欣旺达
1562,SZ.002573,清新环境
1563,SZ.002574,明牌珠宝
1564,SZ.002575,群兴玩具
1565,SZ.300208,恒顺众昇
1566,SZ.300209,天泽信息
1567,SZ.300210,森远股份
1568,SZ.002576,通达动力
1569,SZ.002577,雷柏科技
1570,SZ.002578,闽发铝业
1571,SZ.300211,亿通科技
1572,SZ.300212,易华录
1573,SZ.300213,佳讯飞鸿
1574,SZ.002579,中京电子
1575,SZ.002580,圣阳股份
1576,SZ.300214,日科化学
1577,SZ.300215,电科院
1578,SZ.300216,千山药机
1579,SZ.300217,东方电热
1580,SZ.300218,安利股份
1581,SZ.300219,鸿利智汇
1582,SZ.002581,未名医药
1583,SZ.002582,好想你
1584,SZ.300220,金运激光
1585,SZ.300221,银禧科技
1586,SZ.300222,科大智能
1587,SZ.002583,海能达
1588,SZ.300223,北京君正
1589,SZ.300224,正海磁材
1590,SZ.300225,金力泰
1591,SZ.002584,西陇科学
1592,SZ.002585,双星新材
1593,SZ.002586,围海股份
1594,SZ.300226,上海钢联
1595,SZ.300227,光韵达
1596,SZ.300228,富瑞特装
1597,SZ.002587,奥拓电子
1598,SZ.002588,史丹利
1599,SZ.002589,瑞康医药
1600,SZ.002590,万安科技
1601,SZ.300229,拓尔思
1602,SZ.300230,永利股份
1603,SZ.300231,银信科技
1604,SZ.002591,恒大高新
1605,SZ.300232,洲明科技
1606,SZ.300233,金城医药
1607,SZ.300234,开尔新材
1608,SZ.002593,日上集团
1609,SZ.002595,豪迈科技
1610,SZ.300235,方直科技
1611,SZ.300236,上海新阳
1612,SZ.300237,美晨生态
1613,SZ.300238,冠昊生物
1614,SZ.300239,东宝生物
1615,SZ.300240,飞力达
1616,SZ.002596,海南瑞泽
1617,SZ.002597,金禾实业
1618,SZ.002598,山东章鼓
1619,SZ.300241,瑞丰光电
1620,SZ.300242,佳云科技
1621,SZ.300243,瑞丰高材
1622,SZ.002599,盛通股份
1623,SZ.002600,领益智造
1624,SZ.002601,龙蟒佰利
1625,SZ.300244,迪安诊断
1626,SZ.300245,天玑科技
1627,SZ.300246,宝莱特
1628,SZ.002602,世纪华通
1629,SZ.002603,以岭药业
1631,SZ.300247,乐金健康
1632,SZ.300248,新开普
1633,SZ.300249,依米康
1634,SZ.300250,初灵信息
1635,SZ.300251,光线传媒
1636,SZ.002605,姚记扑克
1637,SZ.002606,大连电瓷
1638,SZ.002607,亚夏汽车
1639,SZ.002608,江苏国信
1640,SZ.002609,捷顺科技
1641,SZ.002610,爱康科技
1642,SZ.300252,金信诺
1643,SZ.300253,卫宁健康
1644,SZ.300254,仟源医药
1645,SZ.300255,常山药业
1646,SZ.300256,星星科技
1647,SZ.300257,开山股份
1648,SZ.300258,精锻科技
1649,SZ.002611,东方精工
1650,SZ.002612,朗姿股份
1651,SZ.002613,北玻股份
1652,SZ.300259,新天科技
1653,SZ.300260,新莱应材
1654,SZ.300261,雅本化学
1655,SZ.002614,奥佳华
1656,SZ.002615,哈尔斯
1657,SZ.300262,巴安水务
1658,SZ.300263,隆华节能
1659,SZ.300264,佳创视讯
1660,SZ.300265,通光线缆
1661,SZ.002616,长青集团
1662,SZ.002617,露笑科技
1663,SZ.002618,丹邦科技
1664,SZ.300266,兴源环境
1665,SZ.300267,尔康制药
1666,SZ.300268,佳沃股份
1667,SZ.002619,艾格拉斯
1668,SZ.002620,瑞和股份
1669,SZ.002621,三垒股份
1670,SZ.300269,联建光电
1671,SZ.300270,中威电子
1672,SZ.002623,亚玛顿
1673,SZ.002622,融钰集团
1674,SZ.300271,华宇软件
1675,SZ.300273,和佳股份
1676,SZ.002624,完美世界
1677,SZ.002626,金达威
1678,SZ.300272,开能环保
1679,SZ.300274,阳光电源
1680,SZ.300275,梅安森
1681,SZ.002625,光启技术
1682,SZ.002627,宜昌交运
1683,SZ.002628,成都路桥
1684,SZ.002629,仁智股份
1685,SZ.002592,八菱科技
1686,SZ.002630,华西能源
1687,SZ.002631,德尔未来
1688,SZ.300276,三丰智能
1689,SZ.002632,道明光学
1690,SZ.002633,申科股份
1691,SZ.300277,海联讯
1692,SZ.002635,安洁科技
1693,SZ.002636,金安国纪
1694,SZ.002637,赞宇科技
1695,SZ.002638,勤上股份
1696,SZ.002634,棒杰股份
1697,SZ.002639,雪人股份
1698,SZ.002640,跨境通
1699,SZ.002641,永高股份
1700,SZ.300278,华昌达
1701,SZ.002642,荣之联
1702,SZ.002643,万润股份
1703,SZ.002645,华宏科技
1704,SZ.002644,佛慈制药
1705,SZ.002646,青青稞酒
1706,SZ.002647,民盛金科
1707,SZ.002648,卫星石化
1708,SZ.300279,和晶科技
1709,SZ.300280,南通锻压
1710,SZ.300281,金明精机
1711,SZ.300282,三盛教育
1712,SZ.002203,海亮股份
1713,SZ.002649,博彦科技
1714,SZ.002650,加加食品
1715,SZ.002651,利君股份
1716,SZ.300283,温州宏丰
1717,SZ.300284,苏交科
1718,SZ.300285,国瓷材料
1719,SZ.300286,安科瑞
1720,SZ.002653,海思科
1721,SZ.002652,扬子新材
1722,SZ.300287,飞利信
1723,SZ.300291,华录百纳
1724,SZ.300288,朗玛信息
1725,SZ.300289,利德曼
1726,SZ.300290,荣科科技
1727,SZ.002654,万润科技
1728,SZ.002655,共达电声
1729,SZ.002656,摩登大道
1730,SZ.002657,中科金财
1731,SZ.300292,吴通控股
1732,SZ.300293,蓝英装备
1733,SZ.300294,博雅生物
1734,SZ.002658,雪迪龙
1735,SZ.002659,凯文教育
1736,SZ.002662,京威股份
1737,SZ.300295,三六五网
1738,SZ.300296,利亚德
1739,SZ.300297,蓝盾股份
1740,SZ.002660,茂硕电源
1741,SZ.002661,克明面业
1742,SZ.002663,普邦股份
1743,SZ.002664,长鹰信质
1744,SZ.300298,三诺生物
1745,SZ.300299,富春股份
1746,SZ.300300,汉鼎宇佑
1747,SZ.300303,聚飞光电
1748,SZ.300301,长方集团
1749,SZ.300302,同有科技
1750,SZ.300304,云意电气
1751,SZ.002665,首航节能
1752,SZ.002666,德联集团
1753,SZ.002667,鞍重股份
1754,SZ.300305,裕兴股份
1755,SZ.300306,远方信息
1756,SZ.300307,慈星股份
1757,SZ.300308,中际旭创
1758,SZ.300309,吉艾科技
1759,SZ.002668,奥马电器
1760,SZ.002669,康达新材
1761,SZ.002670,国盛金控
1762,SZ.300310,宜通世纪
1763,SZ.300311,任子行
1764,SZ.300313,天山生物
1765,SZ.002671,龙泉股份
1766,SZ.002672,东江环保
1767,SZ.002673,西部证券
1768,SZ.002674,兴业科技
1769,SZ.300312,邦讯技术
1770,SZ.300314,戴维医疗
1771,SZ.300315,掌趣科技
1772,SZ.300316,晶盛机电
1773,SZ.300317,珈伟股份
1774,SZ.300318,博晖创新
1775,SZ.300319,麦捷科技
1776,SZ.300321,同大股份
1777,SZ.002675,东诚药业
1778,SZ.002676,顺威股份
1779,SZ.002677,浙江美大
1780,SZ.002678,珠江钢琴
1781,SZ.300320,海达股份
1782,SZ.300323,华灿光电
1783,SZ.300325,德威新材
1784,SZ.002679,福建金森
1785,SZ.002680,长生生物
1786,SZ.002681,奋达科技
1787,SZ.300322,硕贝德
1788,SZ.300324,旋极信息
1789,SZ.002682,龙洲股份
1790,SZ.002683,宏大爆破
1791,SZ.002684,猛狮科技
1792,SZ.002685,华东重机
1793,SZ.300326,凯利泰
1794,SZ.300327,中颖电子
1795,SZ.300328,宜安科技
1796,SZ.300329,海伦钢琴
1797,SZ.300330,华虹计通
1798,SZ.300331,苏大维格
1799,SZ.300332,天壕环境
1800,SZ.300333,兆日科技
1801,SZ.002686,亿利达
1802,SZ.300334,津膜科技
1803,SZ.300335,迪森股份
1804,SZ.300336,新文化
1805,SZ.002687,乔治白
1806,SZ.002688,金河生物
1807,SZ.002689,远大智能
1808,SZ.300337,银邦股份
1809,SZ.300339,润和软件
1810,SZ.300338,开元股份
1811,SZ.300340,科恒股份
1812,SZ.300341,麦迪电气
1813,SZ.300342,天银机电
1814,SZ.002690,美亚光电
1815,SZ.002691,冀凯股份
1816,SZ.300343,联创互联
1817,SZ.300344,太空智造
1818,SZ.300345,红宇新材
1819,SZ.300346,南大光电
1820,SZ.002692,睿康股份
1821,SZ.002693,双成药业
1822,SZ.002694,顾地科技
1823,SZ.300347,泰格医药
1824,SZ.300348,长亮科技
1825,SZ.300349,金卡智能
1826,SZ.300350,华鹏飞
1827,SZ.002695,煌上煌
1828,SZ.002696,百洋股份
1829,SZ.002697,红旗连锁
1830,SZ.002698,博实股份
1831,SZ.002699,美盛文化
1832,SZ.300352,北信源
1833,SZ.300351,永贵电器
1834,SZ.300354,东华测试
1835,SZ.002700,新疆浩源
1836,SZ.300353,东土科技
1837,SZ.300355,蒙草生态
1838,SZ.300356,光一科技
1839,SZ.002701,奥瑞金
1840,SZ.002702,海欣食品
1841,SZ.002703,浙江世宝
1842,SZ.000039,中集集团
1843,SZ.000333,美的集团
1844,SZ.000513,丽珠集团
1845,SZ.002705,新宝股份
1846,SZ.002706,良信电器
1847,SZ.002708,光洋股份
1848,SZ.300357,我武生物
1849,SZ.300358,楚天科技
1850,SZ.300359,全通教育
1851,SZ.300360,炬华科技
1852,SZ.300362,天翔环境
1853,SZ.002707,众信旅游
1854,SZ.002709,天赐材料
1855,SZ.002712,思美传媒
1856,SZ.300365,恒华科技
1857,SZ.300368,汇金股份
1858,SZ.300370,安控科技
1859,SZ.300371,汇中股份
1860,SZ.300373,扬杰科技
1861,SZ.002522,浙江众成
1862,SZ.002711,欧浦智网
1863,SZ.002721,金一文化
1864,SZ.300366,创意信息
1865,SZ.300375,鹏翎股份
1866,SZ.300376,易事特
1867,SZ.300377,赢时胜
1868,SZ.300378,鼎捷软件
1869,SZ.002714,牧原股份
1870,SZ.002716,金贵银业
1871,SZ.002718,友邦吊顶
1872,SZ.002719,麦趣尔
1873,SZ.002722,金轮股份
1874,SZ.300379,东方通
1875,SZ.300380,安硕信息
1876,SZ.300381,溢多利
1877,SZ.002723,金莱特
1878,SZ.002725,跃岭股份
1879,SZ.300363,博腾股份
1880,SZ.300367,东方网力
1881,SZ.300369,绿盟科技
1882,SZ.300382,斯莱克
1883,SZ.300383,光环新网
1884,SZ.002713,东易日盛
1885,SZ.002715,登云股份
1886,SZ.002717,岭南股份
1887,SZ.002594,比亚迪
1888,SZ.002726,龙大肉食
1889,SZ.300385,雪浪环境
1890,SZ.300386,飞天诚信
1891,SZ.002727,一心堂
1892,SZ.300387,富邦股份
1893,SZ.002728,特一药业
1894,SZ.300390,天华超净
1895,SZ.300384,三联虹普
1896,SZ.300388,国祯环保
1897,SZ.300389,艾比森
1898,SZ.300391,康跃科技
1899,SZ.300392,腾信股份
1900,SZ.300395,菲利华
1901,SZ.300396,迪瑞医疗
1902,SZ.300397,天和防务
1903,SZ.002729,好利来
1904,SZ.300393,中来股份
1905,SZ.002730,电光科技
1906,SZ.300398,飞凯材料
1907,SZ.300399,京天利
1908,SZ.300401,花园生物
1909,SZ.300400,劲拓股份
1910,SZ.300402,宝色股份
1911,SZ.000166,申万宏源
1912,SZ.300498,温氏股份
1913,SZ.001979,招商蛇口
1914,SZ.002824,和胜股份
1915,SZ.300593,新雷能
1916,SZ.300589,江龙船艇
1917,SZ.002842,翔鹭钨业
1918,SZ.300590,移为通信
1919,SZ.300584,海辰药业
1920,SZ.300592,华凯创意
1921,SZ.300596,利安隆
1922,SZ.002841,视源股份
1923,SZ.002843,泰嘉股份
1924,SZ.300599,雄塑科技
1925,SZ.300595,欧普康视
1926,SZ.300597,吉大通信
1927,SZ.002845,同兴达
1928,SZ.300600,瑞特股份
1929,SZ.300598,诚迈科技
1930,SZ.300602,飞荣达
1931,SZ.300603,立昂技术
1932,SZ.002846,英联股份
1933,SZ.002847,盐津铺子
1934,SZ.300606,金太阳
1935,SZ.300578,会畅通讯
1936,SZ.300601,康泰生物
1937,SZ.300605,恒锋信息
1938,SZ.002848,高斯贝尔
1939,SZ.300610,晨化股份
1940,SZ.300609,汇纳科技
1941,SZ.300607,拓斯达
1942,SZ.300608,思特奇
1943,SZ.002849,威星智能
1944,SZ.300611,美力科技
1945,SZ.300612,宣亚国际
1946,SZ.300615,欣天科技
1947,SZ.300613,富瀚微
1948,SZ.002850,科达利
1949,SZ.300616,尚品宅配
1950,SZ.300617,安靠智电
1951,SZ.300619,金银河
1952,SZ.002851,麦格米特
1953,SZ.300618,寒锐钴业
1954,SZ.002852,道道全
1955,SZ.300620,光库科技
1956,SZ.300621,维业股份
1957,SZ.002853,皮阿诺
1958,SZ.300622,博士眼镜
1959,SZ.300623,捷捷微电
1960,SZ.002856,美芝股份
1961,SZ.300625,三雄极光
1962,SZ.002855,捷荣技术
1963,SZ.300626,华瑞股份
1964,SZ.300627,华测导航
1965,SZ.300628,亿联网络
1966,SZ.002774,快意电梯
1967,SZ.300630,普利制药
1968,SZ.002857,三晖电气
1969,SZ.300629,新劲刚
1970,SZ.300631,久吾高科
1971,SZ.002858,力盛赛车
1972,SZ.002859,洁美科技
1973,SZ.300635,达安股份
1974,SZ.300632,光莆股份
1975,SZ.300633,开立医疗
1976,SZ.300636,同和药业
1977,SZ.002860,星帅尔
1978,SZ.300637,扬帆新材
1979,SZ.300639,凯普生物
1980,SZ.002861,瀛通通讯
1981,SZ.300638,广和通
1982,SZ.002862,实丰文化
1983,SZ.002863,今飞凯达
1984,SZ.300641,正丹股份
1985,SZ.300604,长川科技
1986,SZ.300640,德艺文创
1987,SZ.002865,钧达股份
1988,SZ.002866,传艺科技
1989,SZ.300514,友讯达
1990,SZ.300554,三超新材
1991,SZ.002867,周大生
1992,SZ.002868,绿康生化
1993,SZ.300642,透景生命
1994,SZ.300645,正元智慧
1995,SZ.300646,侨源气体
1996,SZ.300648,星云股份
1997,SZ.300647,超频三
1998,SZ.300643,万通智控
1999,SZ.300650,太龙照明
2000,SZ.002869,金溢科技
2001,SZ.300649,杭州园林
2002,SZ.300651,金陵体育
2003,SZ.002870,香山股份
2004,SZ.300652,雷迪克
2005,SZ.002871,伟隆股份
2006,SZ.300653,正海生物
2007,SZ.002872,天圣制药
2008,SZ.300657,弘信电子
2009,SZ.300655,晶瑞股份
2010,SZ.002873,新天药业
2011,SZ.300656,民德电子
2012,SZ.300659,中孚信息
2013,SZ.300658,延江股份
2014,SZ.002875,安奈儿
2015,SZ.300660,江苏雷利
2016,SZ.002876,三利谱
2017,SZ.002877,智能自控
2018,SZ.002878,元隆雅图
2019,SZ.300662,科锐国际
2020,SZ.300663,科蓝软件
2021,SZ.300661,圣邦股份
2022,SZ.002879,长缆科技
2023,SZ.002880,卫光生物
2024,SZ.300666,江丰电子
2025,SZ.300665,飞鹿股份
2026,SZ.002881,美格智能
2027,SZ.002882,金龙羽
2028,SZ.300668,杰恩设计
2029,SZ.300667,必创科技
2030,SZ.002883,中设股份
2031,SZ.300669,沪宁股份
2032,SZ.002886,沃特股份
2033,SZ.002885,京泉华
2034,SZ.300670,大烨智能
2035,SZ.300671,富满电子
2036,SZ.300672,国科微
2037,SZ.300675,建科院
2038,SZ.002884,凌霄泵业
2039,SZ.002887,绿茵生态
2040,SZ.300676,华大基因
2041,SZ.300673,佩蒂股份
2042,SZ.002888,惠威科技
2043,SZ.300677,英科医疗
2044,SZ.300678,中科信息
2045,SZ.002889,东方嘉盛
2046,SZ.300679,电连技术
2047,SZ.300680,隆盛科技
2048,SZ.300681,英搏尔
2049,SZ.300682,朗新科技
2050,SZ.300686,智动力
2051,SZ.300683,海特生物
2052,SZ.002890,弘宇股份
2053,SZ.300685,艾德生物
2054,SZ.300687,赛意信息
2055,SZ.300691,联合光电
2056,SZ.300690,双一科技
2057,SZ.300688,创业黑马
2058,SZ.300689,澄天伟业
2059,SZ.002891,中宠股份
2060,SZ.002892,科力尔
2061,SZ.300692,中环环保
2062,SZ.300693,盛弘股份
2063,SZ.002893,华通热力
2064,SZ.002895,川恒股份
2065,SZ.300695,兆丰股份
2066,SZ.300696,爱乐达
2067,SZ.300698,万马科技
2068,SZ.300699,光威复材
2069,SZ.002896,中大力德
2070,SZ.300697,电工合金
2071,SZ.002897,意华股份
2072,SZ.002898,赛隆药业
2073,SZ.300700,岱勒新材
2074,SZ.002899,英派斯
2075,SZ.300702,天宇股份
2076,SZ.300701,森霸传感
2077,SZ.002900,哈三联
2078,SZ.002901,大博医疗
2079,SZ.300654,世纪天鸿
2080,SZ.300703,创源文化
2081,SZ.002902,铭普光磁
2082,SZ.300705,九典制药
2083,SZ.300706,阿石创
2084,SZ.002903,宇环数控
2085,SZ.002906,华阳集团
2086,SZ.300708,聚灿光电
2087,SZ.002905,金逸影视
2088,SZ.300707,威唐工业
2089,SZ.300709,精研科技
2090,SZ.002908,德生科技
2091,SZ.002907,华森制药
2092,SZ.300710,万隆光电
2093,SZ.002909,集泰股份
2094,SZ.002910,庄园牧场
2095,SZ.300715,凯伦股份
2096,SZ.300711,广哈通信
2097,SZ.300712,永福股份
2098,SZ.300713,英可瑞
2099,SZ.300718,长盛轴承
2100,SZ.300716,国立科技
2101,SZ.300719,安达维尔
2102,SZ.300717,华信新材
2103,SZ.300720,海川智能
2104,SZ.300721,怡达股份
2105,SZ.002864,盘龙药业
2106,SZ.300722,新余国科
2107,SZ.300723,一品红
2108,SZ.300725,药石科技
2109,SZ.002911,佛燃股份
2110,SZ.300726,宏达电子
2111,SZ.300728,天常股份
2112,SZ.002912,中新赛克
2113,SZ.300727,润禾材料
2114,SZ.002913,奥士康
2115,SZ.300729,乐歌股份
2116,SZ.002915,中欣氟材
2117,SZ.300730,科创信息
2118,SZ.300731,科创新源
2119,SZ.002916,深南电路
2120,SZ.002917,金奥博
2122,SZ.300732,设研院
2123,SZ.002918,蒙娜丽莎
2124,SZ.002919,名臣健康
2125,SZ.002920,德赛西威
2126,SZ.300684,中石科技
2127,SZ.300733,西菱动力
2128,SZ.002922,伊戈尔
2129,SZ.002921,联诚精密
2130,SZ.300735,光弘科技
2131,SZ.002923,润都股份
2132,SZ.300664,鹏鹞环保
2136,SZ.001965,招商公路
2137,SZ.300736,百华悦邦
2138,SZ.002925,盈趣科技
2139,SZ.300624,万兴科技
2140,SZ.300737,科顺股份
2141,SZ.300738,奥飞数据
2142,SZ.300739,明阳电路
2143,SZ.002926,华西证券
2144,SZ.300740,御家汇
2145,SZ.300644,南京聚隆
2146,SZ.002927,泰永长征
2149,SZ.002929,润建通信
2150,SZ.300741,华宝股份
2151,SZ.002928,华夏航空
2153,SZ.002930,宏川智慧
2154,SZ.300634,彩讯股份
2157,SZ.002931,锋龙股份
2159,SZ.300504,天邑股份
2165,SZ.300742,越博动力
2166,SZ.300743,天地数码
2167,SZ.300454,深信服
2168,SZ.300745,欣锐科技
2169,SZ.300746,汉嘉设计
2171,SZ.300750,宁德时代
2172,SZ.300747,锐科激光
